flow_id,pack_id,timestamp,source_port,servicenodeID,record_id,node_string
2594,19072,2022-06-21 08:32:26.339956,58588,631,a166b9b0e116e2729e2fff0092d5ab55fc989ae54fb1d8f8a5021e701d6bc5d0,80
2594,19074,2022-06-21 08:32:26.357782,58588,673,a166b9b0e116e2729e2fff0092d5ab55fc989ae54fb1d8f8a5021e701d6bc5d0,81
2594,19075,2022-06-21 08:32:26.361431,48010,676,a166b9b0e116e2729e2fff0092d5ab55fc989ae54fb1d8f8a5021e701d6bc5d0,12
2594,19076,2022-06-21 08:32:26.361868,58588,673,a166b9b0e116e2729e2fff0092d5ab55fc989ae54fb1d8f8a5021e701d6bc5d0,82
2594,19077,2022-06-21 08:32:26.365376,48010,676,a166b9b0e116e2729e2fff0092d5ab55fc989ae54fb1d8f8a5021e701d6bc5d0,6
2595,19082,2022-06-21 08:32:26.639940,58588,673,a166b9b0e116e2729e2fff0092d5ab55fc989ae54fb1d8f8a5021e701d6bc5d0,83
2595,19083,2022-06-21 08:32:26.643301,48010,676,a166b9b0e116e2729e2fff0092d5ab55fc989ae54fb1d8f8a5021e701d6bc5d0,15
2595,19084,2022-06-21 08:32:26.643649,58588,673,a166b9b0e116e2729e2fff0092d5ab55fc989ae54fb1d8f8a5021e701d6bc5d0,84
2595,19085,2022-06-21 08:32:26.646980,48010,676,a166b9b0e116e2729e2fff0092d5ab55fc989ae54fb1d8f8a5021e701d6bc5d0,6
2600,19114,2022-06-21 08:32:38.463128,58588,631,a166b9b0e116e2729e2fff0092d5ab55fc989ae54fb1d8f8a5021e701d6bc5d0,85
2600,19116,2022-06-21 08:32:38.477595,58588,673,a166b9b0e116e2729e2fff0092d5ab55fc989ae54fb1d8f8a5021e701d6bc5d0,86
2600,19117,2022-06-21 08:32:38.481339,48010,676,a166b9b0e116e2729e2fff0092d5ab55fc989ae54fb1d8f8a5021e701d6bc5d0,12
2600,19118,2022-06-21 08:32:38.481627,58588,673,a166b9b0e116e2729e2fff0092d5ab55fc989ae54fb1d8f8a5021e701d6bc5d0,87
2600,19119,2022-06-21 08:32:38.485824,48010,676,a166b9b0e116e2729e2fff0092d5ab55fc989ae54fb1d8f8a5021e701d6bc5d0,6
2601,19122,2022-06-21 08:32:38.910156,58588,673,a166b9b0e116e2729e2fff0092d5ab55fc989ae54fb1d8f8a5021e701d6bc5d0,88
2601,19123,2022-06-21 08:32:38.913326,48010,676,a166b9b0e116e2729e2fff0092d5ab55fc989ae54fb1d8f8a5021e701d6bc5d0,15
2601,19124,2022-06-21 08:32:38.913700,58588,673,a166b9b0e116e2729e2fff0092d5ab55fc989ae54fb1d8f8a5021e701d6bc5d0,89
2601,19125,2022-06-21 08:32:38.917236,48010,676,a166b9b0e116e2729e2fff0092d5ab55fc989ae54fb1d8f8a5021e701d6bc5d0,6
2602,19128,2022-06-21 08:32:39.410090,58588,631,a166b9b0e116e2729e2fff0092d5ab55fc989ae54fb1d8f8a5021e701d6bc5d0,90
2602,19132,2022-06-21 08:32:39.424718,58588,673,a166b9b0e116e2729e2fff0092d5ab55fc989ae54fb1d8f8a5021e701d6bc5d0,91
2602,19133,2022-06-21 08:32:39.428184,48010,676,a166b9b0e116e2729e2fff0092d5ab55fc989ae54fb1d8f8a5021e701d6bc5d0,12
2602,19134,2022-06-21 08:32:39.428453,58588,673,a166b9b0e116e2729e2fff0092d5ab55fc989ae54fb1d8f8a5021e701d6bc5d0,92
2602,19135,2022-06-21 08:32:39.432222,48010,676,a166b9b0e116e2729e2fff0092d5ab55fc989ae54fb1d8f8a5021e701d6bc5d0,6
2603,19140,2022-06-21 08:32:39.820029,58588,673,a166b9b0e116e2729e2fff0092d5ab55fc989ae54fb1d8f8a5021e701d6bc5d0,93
2603,19141,2022-06-21 08:32:39.823356,48010,676,a166b9b0e116e2729e2fff0092d5ab55fc989ae54fb1d8f8a5021e701d6bc5d0,15
2603,19142,2022-06-21 08:32:39.823732,58588,673,a166b9b0e116e2729e2fff0092d5ab55fc989ae54fb1d8f8a5021e701d6bc5d0,94
2603,19143,2022-06-21 08:32:39.827440,48010,676,a166b9b0e116e2729e2fff0092d5ab55fc989ae54fb1d8f8a5021e701d6bc5d0,6
2614,19206,2022-06-21 08:33:05.716928,58588,631,a166b9b0e116e2729e2fff0092d5ab55fc989ae54fb1d8f8a5021e701d6bc5d0,80
2614,19208,2022-06-21 08:33:05.733420,58588,673,a166b9b0e116e2729e2fff0092d5ab55fc989ae54fb1d8f8a5021e701d6bc5d0,81
2614,19209,2022-06-21 08:33:05.737050,48010,676,a166b9b0e116e2729e2fff0092d5ab55fc989ae54fb1d8f8a5021e701d6bc5d0,12
2614,19210,2022-06-21 08:33:05.737347,58588,673,a166b9b0e116e2729e2fff0092d5ab55fc989ae54fb1d8f8a5021e701d6bc5d0,82
2614,19211,2022-06-21 08:33:05.740845,48010,676,a166b9b0e116e2729e2fff0092d5ab55fc989ae54fb1d8f8a5021e701d6bc5d0,6
2616,19216,2022-06-21 08:33:05.960305,58588,673,a166b9b0e116e2729e2fff0092d5ab55fc989ae54fb1d8f8a5021e701d6bc5d0,83
2616,19217,2022-06-21 08:33:05.963879,48010,676,a166b9b0e116e2729e2fff0092d5ab55fc989ae54fb1d8f8a5021e701d6bc5d0,15
2616,19218,2022-06-21 08:33:05.964217,58588,673,a166b9b0e116e2729e2fff0092d5ab55fc989ae54fb1d8f8a5021e701d6bc5d0,84
2616,19219,2022-06-21 08:33:05.967740,48010,676,a166b9b0e116e2729e2fff0092d5ab55fc989ae54fb1d8f8a5021e701d6bc5d0,6
2621,19250,2022-06-21 08:33:17.873536,58588,631,a166b9b0e116e2729e2fff0092d5ab55fc989ae54fb1d8f8a5021e701d6bc5d0,85
2621,19252,2022-06-21 08:33:17.887289,58588,673,a166b9b0e116e2729e2fff0092d5ab55fc989ae54fb1d8f8a5021e701d6bc5d0,86
2621,19253,2022-06-21 08:33:17.890913,48010,676,a166b9b0e116e2729e2fff0092d5ab55fc989ae54fb1d8f8a5021e701d6bc5d0,12
2621,19254,2022-06-21 08:33:17.891211,58588,673,a166b9b0e116e2729e2fff0092d5ab55fc989ae54fb1d8f8a5021e701d6bc5d0,87
2621,19255,2022-06-21 08:33:17.895027,48010,676,a166b9b0e116e2729e2fff0092d5ab55fc989ae54fb1d8f8a5021e701d6bc5d0,6
2622,19258,2022-06-21 08:33:18.220536,58588,673,a166b9b0e116e2729e2fff0092d5ab55fc989ae54fb1d8f8a5021e701d6bc5d0,88
2622,19259,2022-06-21 08:33:18.224283,48010,676,a166b9b0e116e2729e2fff0092d5ab55fc989ae54fb1d8f8a5021e701d6bc5d0,15
2622,19260,2022-06-21 08:33:18.224583,58588,673,a166b9b0e116e2729e2fff0092d5ab55fc989ae54fb1d8f8a5021e701d6bc5d0,89
2622,19261,2022-06-21 08:33:18.227576,48010,676,a166b9b0e116e2729e2fff0092d5ab55fc989ae54fb1d8f8a5021e701d6bc5d0,6
2624,19276,2022-06-21 08:33:23.399281,58588,631,a166b9b0e116e2729e2fff0092d5ab55fc989ae54fb1d8f8a5021e701d6bc5d0,90
2624,19278,2022-06-21 08:33:23.412868,58588,673,a166b9b0e116e2729e2fff0092d5ab55fc989ae54fb1d8f8a5021e701d6bc5d0,91
2624,19279,2022-06-21 08:33:23.416746,48010,676,a166b9b0e116e2729e2fff0092d5ab55fc989ae54fb1d8f8a5021e701d6bc5d0,12
2624,19280,2022-06-21 08:33:23.417055,58588,673,a166b9b0e116e2729e2fff0092d5ab55fc989ae54fb1d8f8a5021e701d6bc5d0,92
2624,19281,2022-06-21 08:33:23.419678,48010,676,a166b9b0e116e2729e2fff0092d5ab55fc989ae54fb1d8f8a5021e701d6bc5d0,6
2627,19284,2022-06-21 08:33:23.750438,58588,673,a166b9b0e116e2729e2fff0092d5ab55fc989ae54fb1d8f8a5021e701d6bc5d0,93
2627,19285,2022-06-21 08:33:23.754120,48010,676,a166b9b0e116e2729e2fff0092d5ab55fc989ae54fb1d8f8a5021e701d6bc5d0,15
2627,19286,2022-06-21 08:33:23.754470,58588,673,a166b9b0e116e2729e2fff0092d5ab55fc989ae54fb1d8f8a5021e701d6bc5d0,94
2627,19287,2022-06-21 08:33:23.757999,48010,676,a166b9b0e116e2729e2fff0092d5ab55fc989ae54fb1d8f8a5021e701d6bc5d0,6
2634,19342,2022-06-21 08:33:45.450682,58588,631,a166b9b0e116e2729e2fff0092d5ab55fc989ae54fb1d8f8a5021e701d6bc5d0,80
2634,19344,2022-06-21 08:33:45.464730,58588,673,a166b9b0e116e2729e2fff0092d5ab55fc989ae54fb1d8f8a5021e701d6bc5d0,81
2634,19345,2022-06-21 08:33:45.469085,48010,676,a166b9b0e116e2729e2fff0092d5ab55fc989ae54fb1d8f8a5021e701d6bc5d0,12
2634,19346,2022-06-21 08:33:45.470479,58588,673,a166b9b0e116e2729e2fff0092d5ab55fc989ae54fb1d8f8a5021e701d6bc5d0,82
2634,19347,2022-06-21 08:33:45.473604,48010,676,a166b9b0e116e2729e2fff0092d5ab55fc989ae54fb1d8f8a5021e701d6bc5d0,6
2637,19350,2022-06-21 08:33:45.750687,58588,673,a166b9b0e116e2729e2fff0092d5ab55fc989ae54fb1d8f8a5021e701d6bc5d0,83
2637,19351,2022-06-21 08:33:45.754858,48010,676,a166b9b0e116e2729e2fff0092d5ab55fc989ae54fb1d8f8a5021e701d6bc5d0,15
2637,19352,2022-06-21 08:33:45.755151,58588,673,a166b9b0e116e2729e2fff0092d5ab55fc989ae54fb1d8f8a5021e701d6bc5d0,84
2637,19353,2022-06-21 08:33:45.758856,48010,676,a166b9b0e116e2729e2fff0092d5ab55fc989ae54fb1d8f8a5021e701d6bc5d0,6
2642,19386,2022-06-21 08:33:57.358945,58588,631,a166b9b0e116e2729e2fff0092d5ab55fc989ae54fb1d8f8a5021e701d6bc5d0,85
2642,19388,2022-06-21 08:33:57.373029,58588,673,a166b9b0e116e2729e2fff0092d5ab55fc989ae54fb1d8f8a5021e701d6bc5d0,86
2642,19389,2022-06-21 08:33:57.376827,48010,676,a166b9b0e116e2729e2fff0092d5ab55fc989ae54fb1d8f8a5021e701d6bc5d0,12
2642,19390,2022-06-21 08:33:57.377118,58588,673,a166b9b0e116e2729e2fff0092d5ab55fc989ae54fb1d8f8a5021e701d6bc5d0,87
2642,19391,2022-06-21 08:33:57.380798,48010,676,a166b9b0e116e2729e2fff0092d5ab55fc989ae54fb1d8f8a5021e701d6bc5d0,6
2643,19394,2022-06-21 08:33:57.700949,58588,673,a166b9b0e116e2729e2fff0092d5ab55fc989ae54fb1d8f8a5021e701d6bc5d0,88
2643,19395,2022-06-21 08:33:57.704939,48010,676,a166b9b0e116e2729e2fff0092d5ab55fc989ae54fb1d8f8a5021e701d6bc5d0,15
2643,19396,2022-06-21 08:33:57.705259,58588,673,a166b9b0e116e2729e2fff0092d5ab55fc989ae54fb1d8f8a5021e701d6bc5d0,89
2643,19397,2022-06-21 08:33:57.708605,48010,676,a166b9b0e116e2729e2fff0092d5ab55fc989ae54fb1d8f8a5021e701d6bc5d0,6
2659,19494,2022-06-21 08:34:37.791273,58588,631,a166b9b0e116e2729e2fff0092d5ab55fc989ae54fb1d8f8a5021e701d6bc5d0,85
2659,19496,2022-06-21 08:34:37.804898,58588,673,a166b9b0e116e2729e2fff0092d5ab55fc989ae54fb1d8f8a5021e701d6bc5d0,86
2659,19497,2022-06-21 08:34:37.808423,48010,676,a166b9b0e116e2729e2fff0092d5ab55fc989ae54fb1d8f8a5021e701d6bc5d0,12
2659,19498,2022-06-21 08:34:37.808733,58588,673,a166b9b0e116e2729e2fff0092d5ab55fc989ae54fb1d8f8a5021e701d6bc5d0,87
2659,19499,2022-06-21 08:34:37.812330,48010,676,a166b9b0e116e2729e2fff0092d5ab55fc989ae54fb1d8f8a5021e701d6bc5d0,6
2660,19502,2022-06-21 08:34:38.191404,58588,673,a166b9b0e116e2729e2fff0092d5ab55fc989ae54fb1d8f8a5021e701d6bc5d0,88
2660,19503,2022-06-21 08:34:38.195271,48010,676,a166b9b0e116e2729e2fff0092d5ab55fc989ae54fb1d8f8a5021e701d6bc5d0,15
2660,19504,2022-06-21 08:34:38.195590,58588,673,a166b9b0e116e2729e2fff0092d5ab55fc989ae54fb1d8f8a5021e701d6bc5d0,89
2660,19505,2022-06-21 08:34:38.199944,48010,676,a166b9b0e116e2729e2fff0092d5ab55fc989ae54fb1d8f8a5021e701d6bc5d0,6
2669,19556,2022-06-21 08:34:59.046965,58588,631,a166b9b0e116e2729e2fff0092d5ab55fc989ae54fb1d8f8a5021e701d6bc5d0,90
2669,19558,2022-06-21 08:34:59.060386,58588,673,a166b9b0e116e2729e2fff0092d5ab55fc989ae54fb1d8f8a5021e701d6bc5d0,91
2669,19559,2022-06-21 08:34:59.064606,48010,676,a166b9b0e116e2729e2fff0092d5ab55fc989ae54fb1d8f8a5021e701d6bc5d0,12
2669,19560,2022-06-21 08:34:59.064911,58588,673,a166b9b0e116e2729e2fff0092d5ab55fc989ae54fb1d8f8a5021e701d6bc5d0,92
2669,19561,2022-06-21 08:34:59.068432,48010,676,a166b9b0e116e2729e2fff0092d5ab55fc989ae54fb1d8f8a5021e701d6bc5d0,6
2670,19564,2022-06-21 08:34:59.391502,58588,673,a166b9b0e116e2729e2fff0092d5ab55fc989ae54fb1d8f8a5021e701d6bc5d0,93
2670,19565,2022-06-21 08:34:59.395631,48010,676,a166b9b0e116e2729e2fff0092d5ab55fc989ae54fb1d8f8a5021e701d6bc5d0,15
2670,19566,2022-06-21 08:34:59.395996,58588,673,a166b9b0e116e2729e2fff0092d5ab55fc989ae54fb1d8f8a5021e701d6bc5d0,94
2670,19567,2022-06-21 08:34:59.399159,48010,676,a166b9b0e116e2729e2fff0092d5ab55fc989ae54fb1d8f8a5021e701d6bc5d0,6
2671,19580,2022-06-21 08:35:03.511577,58588,631,a166b9b0e116e2729e2fff0092d5ab55fc989ae54fb1d8f8a5021e701d6bc5d0,80
2671,19582,2022-06-21 08:35:03.526177,58588,673,a166b9b0e116e2729e2fff0092d5ab55fc989ae54fb1d8f8a5021e701d6bc5d0,81
2671,19583,2022-06-21 08:35:03.529455,48010,676,a166b9b0e116e2729e2fff0092d5ab55fc989ae54fb1d8f8a5021e701d6bc5d0,12
2671,19584,2022-06-21 08:35:03.530100,58588,673,a166b9b0e116e2729e2fff0092d5ab55fc989ae54fb1d8f8a5021e701d6bc5d0,82
2671,19585,2022-06-21 08:35:03.533533,48010,676,a166b9b0e116e2729e2fff0092d5ab55fc989ae54fb1d8f8a5021e701d6bc5d0,6
2674,19588,2022-06-21 08:35:03.811607,58588,673,a166b9b0e116e2729e2fff0092d5ab55fc989ae54fb1d8f8a5021e701d6bc5d0,83
2674,19589,2022-06-21 08:35:03.815481,48010,676,a166b9b0e116e2729e2fff0092d5ab55fc989ae54fb1d8f8a5021e701d6bc5d0,15
2674,19590,2022-06-21 08:35:03.815806,58588,673,a166b9b0e116e2729e2fff0092d5ab55fc989ae54fb1d8f8a5021e701d6bc5d0,84
2674,19591,2022-06-21 08:35:03.819550,48010,676,a166b9b0e116e2729e2fff0092d5ab55fc989ae54fb1d8f8a5021e701d6bc5d0,6
2679,19624,2022-06-21 08:35:17.171741,58588,631,a166b9b0e116e2729e2fff0092d5ab55fc989ae54fb1d8f8a5021e701d6bc5d0,85
2679,19626,2022-06-21 08:35:17.185646,58588,673,a166b9b0e116e2729e2fff0092d5ab55fc989ae54fb1d8f8a5021e701d6bc5d0,86
2679,19627,2022-06-21 08:35:17.188987,48010,676,a166b9b0e116e2729e2fff0092d5ab55fc989ae54fb1d8f8a5021e701d6bc5d0,12
2679,19628,2022-06-21 08:35:17.189285,58588,673,a166b9b0e116e2729e2fff0092d5ab55fc989ae54fb1d8f8a5021e701d6bc5d0,87
2679,19629,2022-06-21 08:35:17.192922,48010,676,a166b9b0e116e2729e2fff0092d5ab55fc989ae54fb1d8f8a5021e701d6bc5d0,6
2680,19636,2022-06-21 08:35:17.481844,58588,673,a166b9b0e116e2729e2fff0092d5ab55fc989ae54fb1d8f8a5021e701d6bc5d0,88
2680,19637,2022-06-21 08:35:17.485113,48010,676,a166b9b0e116e2729e2fff0092d5ab55fc989ae54fb1d8f8a5021e701d6bc5d0,15
2680,19638,2022-06-21 08:35:17.485412,58588,673,a166b9b0e116e2729e2fff0092d5ab55fc989ae54fb1d8f8a5021e701d6bc5d0,89
2680,19639,2022-06-21 08:35:17.488830,48010,676,a166b9b0e116e2729e2fff0092d5ab55fc989ae54fb1d8f8a5021e701d6bc5d0,6
2686,19680,2022-06-21 08:35:34.714155,58588,631,a166b9b0e116e2729e2fff0092d5ab55fc989ae54fb1d8f8a5021e701d6bc5d0,90
2686,19684,2022-06-21 08:35:34.729788,58588,673,a166b9b0e116e2729e2fff0092d5ab55fc989ae54fb1d8f8a5021e701d6bc5d0,91
2686,19685,2022-06-21 08:35:34.733778,48010,676,a166b9b0e116e2729e2fff0092d5ab55fc989ae54fb1d8f8a5021e701d6bc5d0,12
2686,19686,2022-06-21 08:35:34.734027,58588,673,a166b9b0e116e2729e2fff0092d5ab55fc989ae54fb1d8f8a5021e701d6bc5d0,92
2686,19687,2022-06-21 08:35:34.736869,48010,676,a166b9b0e116e2729e2fff0092d5ab55fc989ae54fb1d8f8a5021e701d6bc5d0,6
2689,19690,2022-06-21 08:35:35.061922,58588,673,a166b9b0e116e2729e2fff0092d5ab55fc989ae54fb1d8f8a5021e701d6bc5d0,93
2689,19691,2022-06-21 08:35:35.064969,48010,676,a166b9b0e116e2729e2fff0092d5ab55fc989ae54fb1d8f8a5021e701d6bc5d0,15
2689,19692,2022-06-21 08:35:35.065401,58588,673,a166b9b0e116e2729e2fff0092d5ab55fc989ae54fb1d8f8a5021e701d6bc5d0,94
2689,19693,2022-06-21 08:35:35.068899,48010,676,a166b9b0e116e2729e2fff0092d5ab55fc989ae54fb1d8f8a5021e701d6bc5d0,6
2690,19706,2022-06-21 08:35:39.782032,58588,631,a166b9b0e116e2729e2fff0092d5ab55fc989ae54fb1d8f8a5021e701d6bc5d0,80
2690,19708,2022-06-21 08:35:39.795059,58588,673,a166b9b0e116e2729e2fff0092d5ab55fc989ae54fb1d8f8a5021e701d6bc5d0,81
2690,19709,2022-06-21 08:35:39.799195,48010,676,a166b9b0e116e2729e2fff0092d5ab55fc989ae54fb1d8f8a5021e701d6bc5d0,12
2690,19710,2022-06-21 08:35:39.799476,58588,673,a166b9b0e116e2729e2fff0092d5ab55fc989ae54fb1d8f8a5021e701d6bc5d0,82
2690,19711,2022-06-21 08:35:39.803546,48010,676,a166b9b0e116e2729e2fff0092d5ab55fc989ae54fb1d8f8a5021e701d6bc5d0,6
2691,19714,2022-06-21 08:35:40.182035,58588,673,a166b9b0e116e2729e2fff0092d5ab55fc989ae54fb1d8f8a5021e701d6bc5d0,83
2691,19715,2022-06-21 08:35:40.187483,48010,676,a166b9b0e116e2729e2fff0092d5ab55fc989ae54fb1d8f8a5021e701d6bc5d0,15
2691,19716,2022-06-21 08:35:40.187790,58588,673,a166b9b0e116e2729e2fff0092d5ab55fc989ae54fb1d8f8a5021e701d6bc5d0,84
2691,19717,2022-06-21 08:35:40.191232,48010,676,a166b9b0e116e2729e2fff0092d5ab55fc989ae54fb1d8f8a5021e701d6bc5d0,6
2699,19758,2022-06-21 08:35:57.219438,58588,631,a166b9b0e116e2729e2fff0092d5ab55fc989ae54fb1d8f8a5021e701d6bc5d0,85
2699,19760,2022-06-21 08:35:57.233684,58588,673,a166b9b0e116e2729e2fff0092d5ab55fc989ae54fb1d8f8a5021e701d6bc5d0,86
2699,19761,2022-06-21 08:35:57.237918,48010,676,a166b9b0e116e2729e2fff0092d5ab55fc989ae54fb1d8f8a5021e701d6bc5d0,12
2699,19762,2022-06-21 08:35:57.238179,58588,673,a166b9b0e116e2729e2fff0092d5ab55fc989ae54fb1d8f8a5021e701d6bc5d0,87
2699,19763,2022-06-21 08:35:57.241656,48010,676,a166b9b0e116e2729e2fff0092d5ab55fc989ae54fb1d8f8a5021e701d6bc5d0,6
2700,19770,2022-06-21 08:35:57.662506,58588,673,a166b9b0e116e2729e2fff0092d5ab55fc989ae54fb1d8f8a5021e701d6bc5d0,88
2700,19771,2022-06-21 08:35:57.665724,48010,676,a166b9b0e116e2729e2fff0092d5ab55fc989ae54fb1d8f8a5021e701d6bc5d0,15
2700,19772,2022-06-21 08:35:57.666063,58588,673,a166b9b0e116e2729e2fff0092d5ab55fc989ae54fb1d8f8a5021e701d6bc5d0,89
2700,19773,2022-06-21 08:35:57.669802,48010,676,a166b9b0e116e2729e2fff0092d5ab55fc989ae54fb1d8f8a5021e701d6bc5d0,6
2705,19804,2022-06-21 08:36:10.522444,58588,631,a166b9b0e116e2729e2fff0092d5ab55fc989ae54fb1d8f8a5021e701d6bc5d0,90
2705,19806,2022-06-21 08:36:10.536142,58588,673,a166b9b0e116e2729e2fff0092d5ab55fc989ae54fb1d8f8a5021e701d6bc5d0,91
2705,19807,2022-06-21 08:36:10.539786,48010,676,a166b9b0e116e2729e2fff0092d5ab55fc989ae54fb1d8f8a5021e701d6bc5d0,12
2705,19808,2022-06-21 08:36:10.540072,58588,673,a166b9b0e116e2729e2fff0092d5ab55fc989ae54fb1d8f8a5021e701d6bc5d0,92
2705,19809,2022-06-21 08:36:10.543883,48010,676,a166b9b0e116e2729e2fff0092d5ab55fc989ae54fb1d8f8a5021e701d6bc5d0,6
2706,19812,2022-06-21 08:36:10.822412,58588,673,a166b9b0e116e2729e2fff0092d5ab55fc989ae54fb1d8f8a5021e701d6bc5d0,93
2706,19813,2022-06-21 08:36:10.825786,48010,676,a166b9b0e116e2729e2fff0092d5ab55fc989ae54fb1d8f8a5021e701d6bc5d0,15
2706,19814,2022-06-21 08:36:10.826046,58588,673,a166b9b0e116e2729e2fff0092d5ab55fc989ae54fb1d8f8a5021e701d6bc5d0,94
2706,19815,2022-06-21 08:36:10.829541,48010,676,a166b9b0e116e2729e2fff0092d5ab55fc989ae54fb1d8f8a5021e701d6bc5d0,6
2707,19828,2022-06-21 08:36:15.042500,58588,631,a166b9b0e116e2729e2fff0092d5ab55fc989ae54fb1d8f8a5021e701d6bc5d0,80
2707,19830,2022-06-21 08:36:15.058440,58588,673,a166b9b0e116e2729e2fff0092d5ab55fc989ae54fb1d8f8a5021e701d6bc5d0,81
2707,19831,2022-06-21 08:36:15.062712,48010,676,a166b9b0e116e2729e2fff0092d5ab55fc989ae54fb1d8f8a5021e701d6bc5d0,12
2707,19832,2022-06-21 08:36:15.062998,58588,673,a166b9b0e116e2729e2fff0092d5ab55fc989ae54fb1d8f8a5021e701d6bc5d0,82
2707,19833,2022-06-21 08:36:15.065580,48010,676,a166b9b0e116e2729e2fff0092d5ab55fc989ae54fb1d8f8a5021e701d6bc5d0,6
2710,19836,2022-06-21 08:36:15.352504,58588,673,a166b9b0e116e2729e2fff0092d5ab55fc989ae54fb1d8f8a5021e701d6bc5d0,83
2710,19837,2022-06-21 08:36:15.355918,48010,676,a166b9b0e116e2729e2fff0092d5ab55fc989ae54fb1d8f8a5021e701d6bc5d0,15
2710,19838,2022-06-21 08:36:15.358044,58588,673,a166b9b0e116e2729e2fff0092d5ab55fc989ae54fb1d8f8a5021e701d6bc5d0,84
2710,19839,2022-06-21 08:36:15.361944,48010,676,a166b9b0e116e2729e2fff0092d5ab55fc989ae54fb1d8f8a5021e701d6bc5d0,6
2719,19894,2022-06-21 08:36:37.406297,58588,631,a166b9b0e116e2729e2fff0092d5ab55fc989ae54fb1d8f8a5021e701d6bc5d0,85
2719,19896,2022-06-21 08:36:37.420211,58588,673,a166b9b0e116e2729e2fff0092d5ab55fc989ae54fb1d8f8a5021e701d6bc5d0,86
2719,19897,2022-06-21 08:36:37.423700,48010,676,a166b9b0e116e2729e2fff0092d5ab55fc989ae54fb1d8f8a5021e701d6bc5d0,12
2719,19898,2022-06-21 08:36:37.423971,58588,673,a166b9b0e116e2729e2fff0092d5ab55fc989ae54fb1d8f8a5021e701d6bc5d0,87
2719,19899,2022-06-21 08:36:37.427488,48010,676,a166b9b0e116e2729e2fff0092d5ab55fc989ae54fb1d8f8a5021e701d6bc5d0,6
2720,19904,2022-06-21 08:36:37.852927,58588,673,a166b9b0e116e2729e2fff0092d5ab55fc989ae54fb1d8f8a5021e701d6bc5d0,88
2720,19905,2022-06-21 08:36:37.856652,48010,676,a166b9b0e116e2729e2fff0092d5ab55fc989ae54fb1d8f8a5021e701d6bc5d0,15
2720,19906,2022-06-21 08:36:37.857037,58588,673,a166b9b0e116e2729e2fff0092d5ab55fc989ae54fb1d8f8a5021e701d6bc5d0,89
2720,19907,2022-06-21 08:36:37.860455,48010,676,a166b9b0e116e2729e2fff0092d5ab55fc989ae54fb1d8f8a5021e701d6bc5d0,6
2723,19928,2022-06-21 08:36:46.892950,58588,631,a166b9b0e116e2729e2fff0092d5ab55fc989ae54fb1d8f8a5021e701d6bc5d0,90
2723,19930,2022-06-21 08:36:46.907210,58588,673,a166b9b0e116e2729e2fff0092d5ab55fc989ae54fb1d8f8a5021e701d6bc5d0,91
2723,19931,2022-06-21 08:36:46.911199,48010,676,a166b9b0e116e2729e2fff0092d5ab55fc989ae54fb1d8f8a5021e701d6bc5d0,12
2723,19932,2022-06-21 08:36:46.911491,58588,673,a166b9b0e116e2729e2fff0092d5ab55fc989ae54fb1d8f8a5021e701d6bc5d0,92
2723,19933,2022-06-21 08:36:46.914684,48010,676,a166b9b0e116e2729e2fff0092d5ab55fc989ae54fb1d8f8a5021e701d6bc5d0,6
2725,19936,2022-06-21 08:36:47.192899,58588,673,a166b9b0e116e2729e2fff0092d5ab55fc989ae54fb1d8f8a5021e701d6bc5d0,93
2725,19937,2022-06-21 08:36:47.196677,48010,676,a166b9b0e116e2729e2fff0092d5ab55fc989ae54fb1d8f8a5021e701d6bc5d0,15
2725,19938,2022-06-21 08:36:47.196970,58588,673,a166b9b0e116e2729e2fff0092d5ab55fc989ae54fb1d8f8a5021e701d6bc5d0,94
2725,19939,2022-06-21 08:36:47.200488,48010,676,a166b9b0e116e2729e2fff0092d5ab55fc989ae54fb1d8f8a5021e701d6bc5d0,6
2726,19950,2022-06-21 08:36:51.413011,58588,631,a166b9b0e116e2729e2fff0092d5ab55fc989ae54fb1d8f8a5021e701d6bc5d0,80
2726,19952,2022-06-21 08:36:51.427676,58588,673,a166b9b0e116e2729e2fff0092d5ab55fc989ae54fb1d8f8a5021e701d6bc5d0,81
2726,19953,2022-06-21 08:36:51.431708,48010,676,a166b9b0e116e2729e2fff0092d5ab55fc989ae54fb1d8f8a5021e701d6bc5d0,12
2726,19954,2022-06-21 08:36:51.431979,58588,673,a166b9b0e116e2729e2fff0092d5ab55fc989ae54fb1d8f8a5021e701d6bc5d0,82
2726,19955,2022-06-21 08:36:51.435528,48010,676,a166b9b0e116e2729e2fff0092d5ab55fc989ae54fb1d8f8a5021e701d6bc5d0,6
2727,19958,2022-06-21 08:36:51.712994,58588,673,a166b9b0e116e2729e2fff0092d5ab55fc989ae54fb1d8f8a5021e701d6bc5d0,83
2727,19959,2022-06-21 08:36:51.716575,48010,676,a166b9b0e116e2729e2fff0092d5ab55fc989ae54fb1d8f8a5021e701d6bc5d0,15
2727,19960,2022-06-21 08:36:51.716835,58588,673,a166b9b0e116e2729e2fff0092d5ab55fc989ae54fb1d8f8a5021e701d6bc5d0,84
2727,19961,2022-06-21 08:36:51.720398,48010,676,a166b9b0e116e2729e2fff0092d5ab55fc989ae54fb1d8f8a5021e701d6bc5d0,6
2737,20022,2022-06-21 08:37:16.833344,58588,631,a166b9b0e116e2729e2fff0092d5ab55fc989ae54fb1d8f8a5021e701d6bc5d0,85
2737,20024,2022-06-21 08:37:16.848775,58588,673,a166b9b0e116e2729e2fff0092d5ab55fc989ae54fb1d8f8a5021e701d6bc5d0,86
2737,20025,2022-06-21 08:37:16.852606,48010,676,a166b9b0e116e2729e2fff0092d5ab55fc989ae54fb1d8f8a5021e701d6bc5d0,12
2737,20026,2022-06-21 08:37:16.852889,58588,673,a166b9b0e116e2729e2fff0092d5ab55fc989ae54fb1d8f8a5021e701d6bc5d0,87
2737,20027,2022-06-21 08:37:16.856512,48010,676,a166b9b0e116e2729e2fff0092d5ab55fc989ae54fb1d8f8a5021e701d6bc5d0,6
2739,20032,2022-06-21 08:37:17.233468,58588,673,a166b9b0e116e2729e2fff0092d5ab55fc989ae54fb1d8f8a5021e701d6bc5d0,88
2739,20033,2022-06-21 08:37:17.236579,48010,676,a166b9b0e116e2729e2fff0092d5ab55fc989ae54fb1d8f8a5021e701d6bc5d0,15
2739,20034,2022-06-21 08:37:17.236902,58588,673,a166b9b0e116e2729e2fff0092d5ab55fc989ae54fb1d8f8a5021e701d6bc5d0,89
2739,20035,2022-06-21 08:37:17.240756,48010,676,a166b9b0e116e2729e2fff0092d5ab55fc989ae54fb1d8f8a5021e701d6bc5d0,6
2741,20052,2022-06-21 08:37:22.718995,58588,631,a166b9b0e116e2729e2fff0092d5ab55fc989ae54fb1d8f8a5021e701d6bc5d0,90
2741,20054,2022-06-21 08:37:22.732399,58588,673,a166b9b0e116e2729e2fff0092d5ab55fc989ae54fb1d8f8a5021e701d6bc5d0,91
2741,20055,2022-06-21 08:37:22.736525,48010,676,a166b9b0e116e2729e2fff0092d5ab55fc989ae54fb1d8f8a5021e701d6bc5d0,12
2741,20056,2022-06-21 08:37:22.736810,58588,673,a166b9b0e116e2729e2fff0092d5ab55fc989ae54fb1d8f8a5021e701d6bc5d0,92
2741,20057,2022-06-21 08:37:22.740506,48010,676,a166b9b0e116e2729e2fff0092d5ab55fc989ae54fb1d8f8a5021e701d6bc5d0,6
2743,20062,2022-06-21 08:37:23.063429,58588,673,a166b9b0e116e2729e2fff0092d5ab55fc989ae54fb1d8f8a5021e701d6bc5d0,93
2743,20063,2022-06-21 08:37:23.067502,48010,676,a166b9b0e116e2729e2fff0092d5ab55fc989ae54fb1d8f8a5021e701d6bc5d0,15
2743,20064,2022-06-21 08:37:23.067812,58588,673,a166b9b0e116e2729e2fff0092d5ab55fc989ae54fb1d8f8a5021e701d6bc5d0,94
2743,20065,2022-06-21 08:37:23.071456,48010,676,a166b9b0e116e2729e2fff0092d5ab55fc989ae54fb1d8f8a5021e701d6bc5d0,6
2744,20074,2022-06-21 08:37:27.283518,58588,631,a166b9b0e116e2729e2fff0092d5ab55fc989ae54fb1d8f8a5021e701d6bc5d0,80
2744,20076,2022-06-21 08:37:27.298640,58588,673,a166b9b0e116e2729e2fff0092d5ab55fc989ae54fb1d8f8a5021e701d6bc5d0,81
2744,20077,2022-06-21 08:37:27.302528,48010,676,a166b9b0e116e2729e2fff0092d5ab55fc989ae54fb1d8f8a5021e701d6bc5d0,12
2744,20078,2022-06-21 08:37:27.302865,58588,673,a166b9b0e116e2729e2fff0092d5ab55fc989ae54fb1d8f8a5021e701d6bc5d0,82
2744,20079,2022-06-21 08:37:27.306677,48010,676,a166b9b0e116e2729e2fff0092d5ab55fc989ae54fb1d8f8a5021e701d6bc5d0,6
2746,20084,2022-06-21 08:37:27.583516,58588,673,a166b9b0e116e2729e2fff0092d5ab55fc989ae54fb1d8f8a5021e701d6bc5d0,83
2746,20085,2022-06-21 08:37:27.587470,48010,676,a166b9b0e116e2729e2fff0092d5ab55fc989ae54fb1d8f8a5021e701d6bc5d0,15
2746,20086,2022-06-21 08:37:27.587778,58588,673,a166b9b0e116e2729e2fff0092d5ab55fc989ae54fb1d8f8a5021e701d6bc5d0,84
2746,20087,2022-06-21 08:37:27.591378,48010,676,a166b9b0e116e2729e2fff0092d5ab55fc989ae54fb1d8f8a5021e701d6bc5d0,6
2756,20162,2022-06-21 08:37:56.623930,58588,631,a166b9b0e116e2729e2fff0092d5ab55fc989ae54fb1d8f8a5021e701d6bc5d0,85
2756,20164,2022-06-21 08:37:56.637922,58588,673,a166b9b0e116e2729e2fff0092d5ab55fc989ae54fb1d8f8a5021e701d6bc5d0,86
2756,20165,2022-06-21 08:37:56.641895,48010,676,a166b9b0e116e2729e2fff0092d5ab55fc989ae54fb1d8f8a5021e701d6bc5d0,12
2756,20166,2022-06-21 08:37:56.642188,58588,673,a166b9b0e116e2729e2fff0092d5ab55fc989ae54fb1d8f8a5021e701d6bc5d0,87
2756,20167,2022-06-21 08:37:56.645107,48010,676,a166b9b0e116e2729e2fff0092d5ab55fc989ae54fb1d8f8a5021e701d6bc5d0,6
2759,20170,2022-06-21 08:37:57.024067,58588,673,a166b9b0e116e2729e2fff0092d5ab55fc989ae54fb1d8f8a5021e701d6bc5d0,88
2759,20171,2022-06-21 08:37:57.028069,48010,676,a166b9b0e116e2729e2fff0092d5ab55fc989ae54fb1d8f8a5021e701d6bc5d0,15
2759,20172,2022-06-21 08:37:57.028381,58588,673,a166b9b0e116e2729e2fff0092d5ab55fc989ae54fb1d8f8a5021e701d6bc5d0,89
2759,20173,2022-06-21 08:37:57.031611,48010,676,a166b9b0e116e2729e2fff0092d5ab55fc989ae54fb1d8f8a5021e701d6bc5d0,6
2764,20206,2022-06-21 08:38:09.336793,58588,631,a166b9b0e116e2729e2fff0092d5ab55fc989ae54fb1d8f8a5021e701d6bc5d0,90
2764,20208,2022-06-21 08:38:09.352419,58588,673,a166b9b0e116e2729e2fff0092d5ab55fc989ae54fb1d8f8a5021e701d6bc5d0,91
2764,20209,2022-06-21 08:38:09.356747,48010,676,a166b9b0e116e2729e2fff0092d5ab55fc989ae54fb1d8f8a5021e701d6bc5d0,12
2764,20210,2022-06-21 08:38:09.357048,58588,673,a166b9b0e116e2729e2fff0092d5ab55fc989ae54fb1d8f8a5021e701d6bc5d0,92
2764,20211,2022-06-21 08:38:09.360253,48010,676,a166b9b0e116e2729e2fff0092d5ab55fc989ae54fb1d8f8a5021e701d6bc5d0,6
2765,20214,2022-06-21 08:38:09.684099,58588,673,a166b9b0e116e2729e2fff0092d5ab55fc989ae54fb1d8f8a5021e701d6bc5d0,93
2765,20215,2022-06-21 08:38:09.688194,48010,676,a166b9b0e116e2729e2fff0092d5ab55fc989ae54fb1d8f8a5021e701d6bc5d0,15
2765,20216,2022-06-21 08:38:09.688478,58588,673,a166b9b0e116e2729e2fff0092d5ab55fc989ae54fb1d8f8a5021e701d6bc5d0,94
2765,20217,2022-06-21 08:38:09.691186,48010,676,a166b9b0e116e2729e2fff0092d5ab55fc989ae54fb1d8f8a5021e701d6bc5d0,6
2766,20230,2022-06-21 08:38:13.904222,58588,631,a166b9b0e116e2729e2fff0092d5ab55fc989ae54fb1d8f8a5021e701d6bc5d0,80
2766,20232,2022-06-21 08:38:13.921008,58588,673,a166b9b0e116e2729e2fff0092d5ab55fc989ae54fb1d8f8a5021e701d6bc5d0,81
2766,20233,2022-06-21 08:38:13.925172,48010,676,a166b9b0e116e2729e2fff0092d5ab55fc989ae54fb1d8f8a5021e701d6bc5d0,12
2766,20234,2022-06-21 08:38:13.925552,58588,673,a166b9b0e116e2729e2fff0092d5ab55fc989ae54fb1d8f8a5021e701d6bc5d0,82
2766,20235,2022-06-21 08:38:13.929147,48010,676,a166b9b0e116e2729e2fff0092d5ab55fc989ae54fb1d8f8a5021e701d6bc5d0,6
2769,20238,2022-06-21 08:38:14.204218,58588,673,a166b9b0e116e2729e2fff0092d5ab55fc989ae54fb1d8f8a5021e701d6bc5d0,83
2769,20239,2022-06-21 08:38:14.207306,48010,676,a166b9b0e116e2729e2fff0092d5ab55fc989ae54fb1d8f8a5021e701d6bc5d0,15
2769,20240,2022-06-21 08:38:14.207626,58588,673,a166b9b0e116e2729e2fff0092d5ab55fc989ae54fb1d8f8a5021e701d6bc5d0,84
2769,20241,2022-06-21 08:38:14.211518,48010,676,a166b9b0e116e2729e2fff0092d5ab55fc989ae54fb1d8f8a5021e701d6bc5d0,6
2776,20296,2022-06-21 08:38:36.104540,58588,631,a166b9b0e116e2729e2fff0092d5ab55fc989ae54fb1d8f8a5021e701d6bc5d0,85
2776,20298,2022-06-21 08:38:36.118661,58588,673,a166b9b0e116e2729e2fff0092d5ab55fc989ae54fb1d8f8a5021e701d6bc5d0,86
2776,20299,2022-06-21 08:38:36.122242,48010,676,a166b9b0e116e2729e2fff0092d5ab55fc989ae54fb1d8f8a5021e701d6bc5d0,12
2776,20300,2022-06-21 08:38:36.122491,58588,673,a166b9b0e116e2729e2fff0092d5ab55fc989ae54fb1d8f8a5021e701d6bc5d0,87
2776,20301,2022-06-21 08:38:36.126146,48010,676,a166b9b0e116e2729e2fff0092d5ab55fc989ae54fb1d8f8a5021e701d6bc5d0,6
2779,20304,2022-06-21 08:38:36.504678,58588,673,a166b9b0e116e2729e2fff0092d5ab55fc989ae54fb1d8f8a5021e701d6bc5d0,88
2779,20305,2022-06-21 08:38:36.508787,48010,676,a166b9b0e116e2729e2fff0092d5ab55fc989ae54fb1d8f8a5021e701d6bc5d0,15
2779,20306,2022-06-21 08:38:36.509081,58588,673,a166b9b0e116e2729e2fff0092d5ab55fc989ae54fb1d8f8a5021e701d6bc5d0,89
2779,20307,2022-06-21 08:38:36.512653,48010,676,a166b9b0e116e2729e2fff0092d5ab55fc989ae54fb1d8f8a5021e701d6bc5d0,6
2793,20404,2022-06-21 08:39:16.195177,58588,631,a166b9b0e116e2729e2fff0092d5ab55fc989ae54fb1d8f8a5021e701d6bc5d0,85
2793,20406,2022-06-21 08:39:16.209772,58588,673,a166b9b0e116e2729e2fff0092d5ab55fc989ae54fb1d8f8a5021e701d6bc5d0,86
2793,20407,2022-06-21 08:39:16.213187,48010,676,a166b9b0e116e2729e2fff0092d5ab55fc989ae54fb1d8f8a5021e701d6bc5d0,12
2793,20408,2022-06-21 08:39:16.213512,58588,673,a166b9b0e116e2729e2fff0092d5ab55fc989ae54fb1d8f8a5021e701d6bc5d0,87
2793,20409,2022-06-21 08:39:16.217430,48010,676,a166b9b0e116e2729e2fff0092d5ab55fc989ae54fb1d8f8a5021e701d6bc5d0,6
2796,20412,2022-06-21 08:39:16.595306,58588,673,a166b9b0e116e2729e2fff0092d5ab55fc989ae54fb1d8f8a5021e701d6bc5d0,88
2796,20413,2022-06-21 08:39:16.598295,48010,676,a166b9b0e116e2729e2fff0092d5ab55fc989ae54fb1d8f8a5021e701d6bc5d0,15
2796,20414,2022-06-21 08:39:16.598665,58588,673,a166b9b0e116e2729e2fff0092d5ab55fc989ae54fb1d8f8a5021e701d6bc5d0,89
2796,20415,2022-06-21 08:39:16.602309,48010,676,a166b9b0e116e2729e2fff0092d5ab55fc989ae54fb1d8f8a5021e701d6bc5d0,6
2798,20438,2022-06-21 08:39:25.035334,58588,631,a166b9b0e116e2729e2fff0092d5ab55fc989ae54fb1d8f8a5021e701d6bc5d0,90
2798,20440,2022-06-21 08:39:25.049874,58588,673,a166b9b0e116e2729e2fff0092d5ab55fc989ae54fb1d8f8a5021e701d6bc5d0,91
2798,20441,2022-06-21 08:39:25.053798,48010,676,a166b9b0e116e2729e2fff0092d5ab55fc989ae54fb1d8f8a5021e701d6bc5d0,12
2798,20442,2022-06-21 08:39:25.054118,58588,673,a166b9b0e116e2729e2fff0092d5ab55fc989ae54fb1d8f8a5021e701d6bc5d0,92
2798,20443,2022-06-21 08:39:25.057000,48010,676,a166b9b0e116e2729e2fff0092d5ab55fc989ae54fb1d8f8a5021e701d6bc5d0,6
2801,20448,2022-06-21 08:39:25.335339,58588,673,a166b9b0e116e2729e2fff0092d5ab55fc989ae54fb1d8f8a5021e701d6bc5d0,93
2801,20449,2022-06-21 08:39:25.339455,48010,676,a166b9b0e116e2729e2fff0092d5ab55fc989ae54fb1d8f8a5021e701d6bc5d0,15
2801,20450,2022-06-21 08:39:25.339784,58588,673,a166b9b0e116e2729e2fff0092d5ab55fc989ae54fb1d8f8a5021e701d6bc5d0,94
2801,20451,2022-06-21 08:39:25.343422,48010,676,a166b9b0e116e2729e2fff0092d5ab55fc989ae54fb1d8f8a5021e701d6bc5d0,6
2802,20460,2022-06-21 08:39:29.455399,58588,631,a166b9b0e116e2729e2fff0092d5ab55fc989ae54fb1d8f8a5021e701d6bc5d0,80
2802,20462,2022-06-21 08:39:29.471865,58588,673,a166b9b0e116e2729e2fff0092d5ab55fc989ae54fb1d8f8a5021e701d6bc5d0,81
2802,20463,2022-06-21 08:39:29.475279,48010,676,a166b9b0e116e2729e2fff0092d5ab55fc989ae54fb1d8f8a5021e701d6bc5d0,12
2802,20464,2022-06-21 08:39:29.475577,58588,673,a166b9b0e116e2729e2fff0092d5ab55fc989ae54fb1d8f8a5021e701d6bc5d0,82
2802,20465,2022-06-21 08:39:29.479229,48010,676,a166b9b0e116e2729e2fff0092d5ab55fc989ae54fb1d8f8a5021e701d6bc5d0,6
2803,20470,2022-06-21 08:39:29.755406,58588,673,a166b9b0e116e2729e2fff0092d5ab55fc989ae54fb1d8f8a5021e701d6bc5d0,83
2803,20471,2022-06-21 08:39:29.759252,48010,676,a166b9b0e116e2729e2fff0092d5ab55fc989ae54fb1d8f8a5021e701d6bc5d0,15
2803,20472,2022-06-21 08:39:29.759561,58588,673,a166b9b0e116e2729e2fff0092d5ab55fc989ae54fb1d8f8a5021e701d6bc5d0,84
2803,20473,2022-06-21 08:39:29.763027,48010,676,a166b9b0e116e2729e2fff0092d5ab55fc989ae54fb1d8f8a5021e701d6bc5d0,6
2813,20538,2022-06-21 08:39:55.437103,58588,631,a166b9b0e116e2729e2fff0092d5ab55fc989ae54fb1d8f8a5021e701d6bc5d0,85
2813,20540,2022-06-21 08:39:55.451396,58588,673,a166b9b0e116e2729e2fff0092d5ab55fc989ae54fb1d8f8a5021e701d6bc5d0,86
2813,20541,2022-06-21 08:39:55.455205,48010,676,a166b9b0e116e2729e2fff0092d5ab55fc989ae54fb1d8f8a5021e701d6bc5d0,12
2813,20542,2022-06-21 08:39:55.455504,58588,673,a166b9b0e116e2729e2fff0092d5ab55fc989ae54fb1d8f8a5021e701d6bc5d0,87
2813,20543,2022-06-21 08:39:55.459167,48010,676,a166b9b0e116e2729e2fff0092d5ab55fc989ae54fb1d8f8a5021e701d6bc5d0,6
2816,20546,2022-06-21 08:39:55.785967,58588,673,a166b9b0e116e2729e2fff0092d5ab55fc989ae54fb1d8f8a5021e701d6bc5d0,88
2816,20547,2022-06-21 08:39:55.789112,48010,676,a166b9b0e116e2729e2fff0092d5ab55fc989ae54fb1d8f8a5021e701d6bc5d0,15
2816,20548,2022-06-21 08:39:55.789428,58588,673,a166b9b0e116e2729e2fff0092d5ab55fc989ae54fb1d8f8a5021e701d6bc5d0,89
2816,20549,2022-06-21 08:39:55.793182,48010,676,a166b9b0e116e2729e2fff0092d5ab55fc989ae54fb1d8f8a5021e701d6bc5d0,6
2818,20564,2022-06-21 08:40:01.063854,58588,631,a166b9b0e116e2729e2fff0092d5ab55fc989ae54fb1d8f8a5021e701d6bc5d0,90
2818,20566,2022-06-21 08:40:01.078858,58588,673,a166b9b0e116e2729e2fff0092d5ab55fc989ae54fb1d8f8a5021e701d6bc5d0,91
2818,20567,2022-06-21 08:40:01.082178,48010,676,a166b9b0e116e2729e2fff0092d5ab55fc989ae54fb1d8f8a5021e701d6bc5d0,12
2818,20568,2022-06-21 08:40:01.082523,58588,673,a166b9b0e116e2729e2fff0092d5ab55fc989ae54fb1d8f8a5021e701d6bc5d0,92
2818,20569,2022-06-21 08:40:01.086172,48010,676,a166b9b0e116e2729e2fff0092d5ab55fc989ae54fb1d8f8a5021e701d6bc5d0,6
2819,20572,2022-06-21 08:40:01.405938,58588,673,a166b9b0e116e2729e2fff0092d5ab55fc989ae54fb1d8f8a5021e701d6bc5d0,93
2819,20573,2022-06-21 08:40:01.409046,48010,676,a166b9b0e116e2729e2fff0092d5ab55fc989ae54fb1d8f8a5021e701d6bc5d0,15
2819,20574,2022-06-21 08:40:01.409375,58588,673,a166b9b0e116e2729e2fff0092d5ab55fc989ae54fb1d8f8a5021e701d6bc5d0,94
2819,20575,2022-06-21 08:40:01.412217,48010,676,a166b9b0e116e2729e2fff0092d5ab55fc989ae54fb1d8f8a5021e701d6bc5d0,6
2820,20588,2022-06-21 08:40:05.625994,58588,631,a166b9b0e116e2729e2fff0092d5ab55fc989ae54fb1d8f8a5021e701d6bc5d0,80
2820,20590,2022-06-21 08:40:05.642384,58588,673,a166b9b0e116e2729e2fff0092d5ab55fc989ae54fb1d8f8a5021e701d6bc5d0,81
2820,20591,2022-06-21 08:40:05.646427,48010,676,a166b9b0e116e2729e2fff0092d5ab55fc989ae54fb1d8f8a5021e701d6bc5d0,12
2820,20592,2022-06-21 08:40:05.646750,58588,673,a166b9b0e116e2729e2fff0092d5ab55fc989ae54fb1d8f8a5021e701d6bc5d0,82
2820,20593,2022-06-21 08:40:05.650298,48010,676,a166b9b0e116e2729e2fff0092d5ab55fc989ae54fb1d8f8a5021e701d6bc5d0,6
2823,20596,2022-06-21 08:40:06.026005,58588,673,a166b9b0e116e2729e2fff0092d5ab55fc989ae54fb1d8f8a5021e701d6bc5d0,83
2823,20597,2022-06-21 08:40:06.029247,48010,676,a166b9b0e116e2729e2fff0092d5ab55fc989ae54fb1d8f8a5021e701d6bc5d0,15
2823,20598,2022-06-21 08:40:06.029605,58588,673,a166b9b0e116e2729e2fff0092d5ab55fc989ae54fb1d8f8a5021e701d6bc5d0,84
2823,20599,2022-06-21 08:40:06.033070,48010,676,a166b9b0e116e2729e2fff0092d5ab55fc989ae54fb1d8f8a5021e701d6bc5d0,6
2833,20672,2022-06-21 08:40:35.366514,58588,631,a166b9b0e116e2729e2fff0092d5ab55fc989ae54fb1d8f8a5021e701d6bc5d0,85
2833,20674,2022-06-21 08:40:35.380641,58588,673,a166b9b0e116e2729e2fff0092d5ab55fc989ae54fb1d8f8a5021e701d6bc5d0,86
2833,20675,2022-06-21 08:40:35.384278,48010,676,a166b9b0e116e2729e2fff0092d5ab55fc989ae54fb1d8f8a5021e701d6bc5d0,12
2833,20676,2022-06-21 08:40:35.384565,58588,673,a166b9b0e116e2729e2fff0092d5ab55fc989ae54fb1d8f8a5021e701d6bc5d0,87
2833,20677,2022-06-21 08:40:35.388440,48010,676,a166b9b0e116e2729e2fff0092d5ab55fc989ae54fb1d8f8a5021e701d6bc5d0,6
2834,20680,2022-06-21 08:40:35.766632,58588,673,a166b9b0e116e2729e2fff0092d5ab55fc989ae54fb1d8f8a5021e701d6bc5d0,88
2834,20681,2022-06-21 08:40:35.770336,48010,676,a166b9b0e116e2729e2fff0092d5ab55fc989ae54fb1d8f8a5021e701d6bc5d0,15
2834,20682,2022-06-21 08:40:35.770748,58588,673,a166b9b0e116e2729e2fff0092d5ab55fc989ae54fb1d8f8a5021e701d6bc5d0,89
2834,20683,2022-06-21 08:40:35.773961,48010,676,a166b9b0e116e2729e2fff0092d5ab55fc989ae54fb1d8f8a5021e701d6bc5d0,6
2835,20686,2022-06-21 08:40:37.176569,58588,631,a166b9b0e116e2729e2fff0092d5ab55fc989ae54fb1d8f8a5021e701d6bc5d0,90
2835,20688,2022-06-21 08:40:37.192548,58588,673,a166b9b0e116e2729e2fff0092d5ab55fc989ae54fb1d8f8a5021e701d6bc5d0,91
2835,20689,2022-06-21 08:40:37.196186,48010,676,a166b9b0e116e2729e2fff0092d5ab55fc989ae54fb1d8f8a5021e701d6bc5d0,12
2835,20690,2022-06-21 08:40:37.196478,58588,673,a166b9b0e116e2729e2fff0092d5ab55fc989ae54fb1d8f8a5021e701d6bc5d0,92
2835,20691,2022-06-21 08:40:37.200098,48010,676,a166b9b0e116e2729e2fff0092d5ab55fc989ae54fb1d8f8a5021e701d6bc5d0,6
2838,20694,2022-06-21 08:40:37.476519,58588,673,a166b9b0e116e2729e2fff0092d5ab55fc989ae54fb1d8f8a5021e701d6bc5d0,93
2838,20695,2022-06-21 08:40:37.480859,48010,676,a166b9b0e116e2729e2fff0092d5ab55fc989ae54fb1d8f8a5021e701d6bc5d0,15
2838,20696,2022-06-21 08:40:37.481148,58588,673,a166b9b0e116e2729e2fff0092d5ab55fc989ae54fb1d8f8a5021e701d6bc5d0,94
2838,20697,2022-06-21 08:40:37.484434,48010,676,a166b9b0e116e2729e2fff0092d5ab55fc989ae54fb1d8f8a5021e701d6bc5d0,6
2839,20710,2022-06-21 08:40:41.096639,58588,631,a166b9b0e116e2729e2fff0092d5ab55fc989ae54fb1d8f8a5021e701d6bc5d0,80
2839,20712,2022-06-21 08:40:41.111261,58588,673,a166b9b0e116e2729e2fff0092d5ab55fc989ae54fb1d8f8a5021e701d6bc5d0,81
2839,20713,2022-06-21 08:40:41.115096,48010,676,a166b9b0e116e2729e2fff0092d5ab55fc989ae54fb1d8f8a5021e701d6bc5d0,12
2839,20714,2022-06-21 08:40:41.115358,58588,673,a166b9b0e116e2729e2fff0092d5ab55fc989ae54fb1d8f8a5021e701d6bc5d0,82
2839,20715,2022-06-21 08:40:41.119017,48010,676,a166b9b0e116e2729e2fff0092d5ab55fc989ae54fb1d8f8a5021e701d6bc5d0,6
2840,20718,2022-06-21 08:40:41.396611,58588,673,a166b9b0e116e2729e2fff0092d5ab55fc989ae54fb1d8f8a5021e701d6bc5d0,83
2840,20719,2022-06-21 08:40:41.400640,48010,676,a166b9b0e116e2729e2fff0092d5ab55fc989ae54fb1d8f8a5021e701d6bc5d0,15
2840,20720,2022-06-21 08:40:41.401019,58588,673,a166b9b0e116e2729e2fff0092d5ab55fc989ae54fb1d8f8a5021e701d6bc5d0,84
2840,20721,2022-06-21 08:40:41.404412,48010,676,a166b9b0e116e2729e2fff0092d5ab55fc989ae54fb1d8f8a5021e701d6bc5d0,6
2853,20806,2022-06-21 08:41:15.657222,58588,631,a166b9b0e116e2729e2fff0092d5ab55fc989ae54fb1d8f8a5021e701d6bc5d0,85
2853,20808,2022-06-21 08:41:15.673238,58588,673,a166b9b0e116e2729e2fff0092d5ab55fc989ae54fb1d8f8a5021e701d6bc5d0,86
2853,20809,2022-06-21 08:41:15.677588,48010,676,a166b9b0e116e2729e2fff0092d5ab55fc989ae54fb1d8f8a5021e701d6bc5d0,12
2853,20810,2022-06-21 08:41:15.677949,58588,673,a166b9b0e116e2729e2fff0092d5ab55fc989ae54fb1d8f8a5021e701d6bc5d0,87
2853,20811,2022-06-21 08:41:15.681419,48010,676,a166b9b0e116e2729e2fff0092d5ab55fc989ae54fb1d8f8a5021e701d6bc5d0,6
2856,20814,2022-06-21 08:41:16.057328,58588,673,a166b9b0e116e2729e2fff0092d5ab55fc989ae54fb1d8f8a5021e701d6bc5d0,88
2856,20815,2022-06-21 08:41:16.061341,48010,676,a166b9b0e116e2729e2fff0092d5ab55fc989ae54fb1d8f8a5021e701d6bc5d0,15
2856,20816,2022-06-21 08:41:16.061645,58588,673,a166b9b0e116e2729e2fff0092d5ab55fc989ae54fb1d8f8a5021e701d6bc5d0,89
2856,20817,2022-06-21 08:41:16.065385,48010,676,a166b9b0e116e2729e2fff0092d5ab55fc989ae54fb1d8f8a5021e701d6bc5d0,6
2858,20836,2022-06-21 08:41:23.750056,58588,631,a166b9b0e116e2729e2fff0092d5ab55fc989ae54fb1d8f8a5021e701d6bc5d0,90
2858,20838,2022-06-21 08:41:23.764398,58588,673,a166b9b0e116e2729e2fff0092d5ab55fc989ae54fb1d8f8a5021e701d6bc5d0,91
2858,20839,2022-06-21 08:41:23.768172,48010,676,a166b9b0e116e2729e2fff0092d5ab55fc989ae54fb1d8f8a5021e701d6bc5d0,12
2858,20840,2022-06-21 08:41:23.768492,58588,673,a166b9b0e116e2729e2fff0092d5ab55fc989ae54fb1d8f8a5021e701d6bc5d0,92
2858,20841,2022-06-21 08:41:23.771889,48010,676,a166b9b0e116e2729e2fff0092d5ab55fc989ae54fb1d8f8a5021e701d6bc5d0,6
2860,20844,2022-06-21 08:41:24.097329,58588,673,a166b9b0e116e2729e2fff0092d5ab55fc989ae54fb1d8f8a5021e701d6bc5d0,93
2860,20845,2022-06-21 08:41:24.101502,48010,676,a166b9b0e116e2729e2fff0092d5ab55fc989ae54fb1d8f8a5021e701d6bc5d0,15
2860,20846,2022-06-21 08:41:24.101805,58588,673,a166b9b0e116e2729e2fff0092d5ab55fc989ae54fb1d8f8a5021e701d6bc5d0,94
2860,20847,2022-06-21 08:41:24.105409,48010,676,a166b9b0e116e2729e2fff0092d5ab55fc989ae54fb1d8f8a5021e701d6bc5d0,6
2861,20860,2022-06-21 08:41:28.217469,58588,631,a166b9b0e116e2729e2fff0092d5ab55fc989ae54fb1d8f8a5021e701d6bc5d0,80
2861,20862,2022-06-21 08:41:28.232771,58588,673,a166b9b0e116e2729e2fff0092d5ab55fc989ae54fb1d8f8a5021e701d6bc5d0,81
2861,20863,2022-06-21 08:41:28.236197,48010,676,a166b9b0e116e2729e2fff0092d5ab55fc989ae54fb1d8f8a5021e701d6bc5d0,12
2861,20864,2022-06-21 08:41:28.236493,58588,673,a166b9b0e116e2729e2fff0092d5ab55fc989ae54fb1d8f8a5021e701d6bc5d0,82
2861,20865,2022-06-21 08:41:28.240423,48010,676,a166b9b0e116e2729e2fff0092d5ab55fc989ae54fb1d8f8a5021e701d6bc5d0,6
2863,20868,2022-06-21 08:41:28.617447,58588,673,a166b9b0e116e2729e2fff0092d5ab55fc989ae54fb1d8f8a5021e701d6bc5d0,83
2863,20869,2022-06-21 08:41:28.621085,48010,676,a166b9b0e116e2729e2fff0092d5ab55fc989ae54fb1d8f8a5021e701d6bc5d0,15
2863,20870,2022-06-21 08:41:28.621381,58588,673,a166b9b0e116e2729e2fff0092d5ab55fc989ae54fb1d8f8a5021e701d6bc5d0,84
2863,20871,2022-06-21 08:41:28.624199,48010,676,a166b9b0e116e2729e2fff0092d5ab55fc989ae54fb1d8f8a5021e701d6bc5d0,6
2873,20940,2022-06-21 08:41:55.537930,58588,631,a166b9b0e116e2729e2fff0092d5ab55fc989ae54fb1d8f8a5021e701d6bc5d0,85
2873,20942,2022-06-21 08:41:55.553443,58588,673,a166b9b0e116e2729e2fff0092d5ab55fc989ae54fb1d8f8a5021e701d6bc5d0,86
2873,20943,2022-06-21 08:41:55.557200,48010,676,a166b9b0e116e2729e2fff0092d5ab55fc989ae54fb1d8f8a5021e701d6bc5d0,12
2873,20944,2022-06-21 08:41:55.557483,58588,673,a166b9b0e116e2729e2fff0092d5ab55fc989ae54fb1d8f8a5021e701d6bc5d0,87
2873,20945,2022-06-21 08:41:55.561086,48010,676,a166b9b0e116e2729e2fff0092d5ab55fc989ae54fb1d8f8a5021e701d6bc5d0,6
2876,20948,2022-06-21 08:41:55.948048,58588,673,a166b9b0e116e2729e2fff0092d5ab55fc989ae54fb1d8f8a5021e701d6bc5d0,88
2876,20949,2022-06-21 08:41:55.951165,48010,676,a166b9b0e116e2729e2fff0092d5ab55fc989ae54fb1d8f8a5021e701d6bc5d0,15
2876,20950,2022-06-21 08:41:55.951550,58588,673,a166b9b0e116e2729e2fff0092d5ab55fc989ae54fb1d8f8a5021e701d6bc5d0,89
2876,20951,2022-06-21 08:41:55.955045,48010,676,a166b9b0e116e2729e2fff0092d5ab55fc989ae54fb1d8f8a5021e701d6bc5d0,6
2877,20962,2022-06-21 08:41:59.757987,58588,631,a166b9b0e116e2729e2fff0092d5ab55fc989ae54fb1d8f8a5021e701d6bc5d0,90
2877,20964,2022-06-21 08:41:59.773463,58588,673,a166b9b0e116e2729e2fff0092d5ab55fc989ae54fb1d8f8a5021e701d6bc5d0,91
2877,20965,2022-06-21 08:41:59.777532,48010,676,a166b9b0e116e2729e2fff0092d5ab55fc989ae54fb1d8f8a5021e701d6bc5d0,12
2877,20966,2022-06-21 08:41:59.777809,58588,673,a166b9b0e116e2729e2fff0092d5ab55fc989ae54fb1d8f8a5021e701d6bc5d0,92
2877,20967,2022-06-21 08:41:59.781590,48010,676,a166b9b0e116e2729e2fff0092d5ab55fc989ae54fb1d8f8a5021e701d6bc5d0,6
2878,20970,2022-06-21 08:42:00.167971,58588,673,a166b9b0e116e2729e2fff0092d5ab55fc989ae54fb1d8f8a5021e701d6bc5d0,93
2878,20971,2022-06-21 08:42:00.171303,48010,676,a166b9b0e116e2729e2fff0092d5ab55fc989ae54fb1d8f8a5021e701d6bc5d0,15
2878,20972,2022-06-21 08:42:00.171607,58588,673,a166b9b0e116e2729e2fff0092d5ab55fc989ae54fb1d8f8a5021e701d6bc5d0,94
2878,20973,2022-06-21 08:42:00.175554,48010,676,a166b9b0e116e2729e2fff0092d5ab55fc989ae54fb1d8f8a5021e701d6bc5d0,6
2879,20982,2022-06-21 08:42:04.088068,58588,631,a166b9b0e116e2729e2fff0092d5ab55fc989ae54fb1d8f8a5021e701d6bc5d0,80
2879,20984,2022-06-21 08:42:04.101909,58588,673,a166b9b0e116e2729e2fff0092d5ab55fc989ae54fb1d8f8a5021e701d6bc5d0,81
2879,20985,2022-06-21 08:42:04.106693,48010,676,a166b9b0e116e2729e2fff0092d5ab55fc989ae54fb1d8f8a5021e701d6bc5d0,12
2879,20986,2022-06-21 08:42:04.106943,58588,673,a166b9b0e116e2729e2fff0092d5ab55fc989ae54fb1d8f8a5021e701d6bc5d0,82
2879,20987,2022-06-21 08:42:04.110014,48010,676,a166b9b0e116e2729e2fff0092d5ab55fc989ae54fb1d8f8a5021e701d6bc5d0,6
2882,20992,2022-06-21 08:42:04.388094,58588,673,a166b9b0e116e2729e2fff0092d5ab55fc989ae54fb1d8f8a5021e701d6bc5d0,83
2882,20993,2022-06-21 08:42:04.391251,48010,676,a166b9b0e116e2729e2fff0092d5ab55fc989ae54fb1d8f8a5021e701d6bc5d0,15
2882,20994,2022-06-21 08:42:04.391629,58588,673,a166b9b0e116e2729e2fff0092d5ab55fc989ae54fb1d8f8a5021e701d6bc5d0,84
2882,20995,2022-06-21 08:42:04.395529,48010,676,a166b9b0e116e2729e2fff0092d5ab55fc989ae54fb1d8f8a5021e701d6bc5d0,6
2893,21074,2022-06-21 08:42:35.486294,58588,631,a166b9b0e116e2729e2fff0092d5ab55fc989ae54fb1d8f8a5021e701d6bc5d0,90
2893,21076,2022-06-21 08:42:35.500184,58588,673,a166b9b0e116e2729e2fff0092d5ab55fc989ae54fb1d8f8a5021e701d6bc5d0,91
2893,21077,2022-06-21 08:42:35.504425,48010,676,a166b9b0e116e2729e2fff0092d5ab55fc989ae54fb1d8f8a5021e701d6bc5d0,12
2893,21078,2022-06-21 08:42:35.504714,58588,673,a166b9b0e116e2729e2fff0092d5ab55fc989ae54fb1d8f8a5021e701d6bc5d0,92
2893,21079,2022-06-21 08:42:35.508362,48010,676,a166b9b0e116e2729e2fff0092d5ab55fc989ae54fb1d8f8a5021e701d6bc5d0,6
2894,21082,2022-06-21 08:42:35.828631,58588,673,a166b9b0e116e2729e2fff0092d5ab55fc989ae54fb1d8f8a5021e701d6bc5d0,93
2894,21083,2022-06-21 08:42:35.832876,48010,676,a166b9b0e116e2729e2fff0092d5ab55fc989ae54fb1d8f8a5021e701d6bc5d0,15
2894,21084,2022-06-21 08:42:35.833195,58588,673,a166b9b0e116e2729e2fff0092d5ab55fc989ae54fb1d8f8a5021e701d6bc5d0,94
2894,21085,2022-06-21 08:42:35.835928,48010,676,a166b9b0e116e2729e2fff0092d5ab55fc989ae54fb1d8f8a5021e701d6bc5d0,6
2895,21088,2022-06-21 08:42:35.928654,58588,631,a166b9b0e116e2729e2fff0092d5ab55fc989ae54fb1d8f8a5021e701d6bc5d0,85
2895,21090,2022-06-21 08:42:35.941782,58588,673,a166b9b0e116e2729e2fff0092d5ab55fc989ae54fb1d8f8a5021e701d6bc5d0,86
2895,21091,2022-06-21 08:42:35.945271,48010,676,a166b9b0e116e2729e2fff0092d5ab55fc989ae54fb1d8f8a5021e701d6bc5d0,12
2895,21092,2022-06-21 08:42:35.945651,58588,673,a166b9b0e116e2729e2fff0092d5ab55fc989ae54fb1d8f8a5021e701d6bc5d0,87
2895,21093,2022-06-21 08:42:35.949647,48010,676,a166b9b0e116e2729e2fff0092d5ab55fc989ae54fb1d8f8a5021e701d6bc5d0,6
2898,21096,2022-06-21 08:42:36.338777,58588,673,a166b9b0e116e2729e2fff0092d5ab55fc989ae54fb1d8f8a5021e701d6bc5d0,88
2898,21097,2022-06-21 08:42:36.342264,48010,676,a166b9b0e116e2729e2fff0092d5ab55fc989ae54fb1d8f8a5021e701d6bc5d0,15
2898,21098,2022-06-21 08:42:36.342577,58588,673,a166b9b0e116e2729e2fff0092d5ab55fc989ae54fb1d8f8a5021e701d6bc5d0,89
2898,21099,2022-06-21 08:42:36.345936,48010,676,a166b9b0e116e2729e2fff0092d5ab55fc989ae54fb1d8f8a5021e701d6bc5d0,6
2899,21112,2022-06-21 08:42:41.058742,58588,631,a166b9b0e116e2729e2fff0092d5ab55fc989ae54fb1d8f8a5021e701d6bc5d0,80
2899,21114,2022-06-21 08:42:41.085971,58588,673,a166b9b0e116e2729e2fff0092d5ab55fc989ae54fb1d8f8a5021e701d6bc5d0,81
2899,21115,2022-06-21 08:42:41.089308,48010,676,a166b9b0e116e2729e2fff0092d5ab55fc989ae54fb1d8f8a5021e701d6bc5d0,12
2899,21116,2022-06-21 08:42:41.089609,58588,673,a166b9b0e116e2729e2fff0092d5ab55fc989ae54fb1d8f8a5021e701d6bc5d0,82
2899,21117,2022-06-21 08:42:41.092924,48010,676,a166b9b0e116e2729e2fff0092d5ab55fc989ae54fb1d8f8a5021e701d6bc5d0,6
2900,21120,2022-06-21 08:42:41.358762,58588,673,a166b9b0e116e2729e2fff0092d5ab55fc989ae54fb1d8f8a5021e701d6bc5d0,83
2900,21121,2022-06-21 08:42:41.362142,48010,676,a166b9b0e116e2729e2fff0092d5ab55fc989ae54fb1d8f8a5021e701d6bc5d0,15
2900,21122,2022-06-21 08:42:41.363849,58588,673,a166b9b0e116e2729e2fff0092d5ab55fc989ae54fb1d8f8a5021e701d6bc5d0,84
2900,21123,2022-06-21 08:42:41.367294,48010,676,a166b9b0e116e2729e2fff0092d5ab55fc989ae54fb1d8f8a5021e701d6bc5d0,6
2913,21206,2022-06-21 08:43:15.119413,58588,631,a166b9b0e116e2729e2fff0092d5ab55fc989ae54fb1d8f8a5021e701d6bc5d0,85
2913,21208,2022-06-21 08:43:15.133853,58588,673,a166b9b0e116e2729e2fff0092d5ab55fc989ae54fb1d8f8a5021e701d6bc5d0,86
2913,21209,2022-06-21 08:43:15.137222,48010,676,a166b9b0e116e2729e2fff0092d5ab55fc989ae54fb1d8f8a5021e701d6bc5d0,12
2913,21210,2022-06-21 08:43:15.137535,58588,673,a166b9b0e116e2729e2fff0092d5ab55fc989ae54fb1d8f8a5021e701d6bc5d0,87
2913,21211,2022-06-21 08:43:15.141446,48010,676,a166b9b0e116e2729e2fff0092d5ab55fc989ae54fb1d8f8a5021e701d6bc5d0,6
2916,21216,2022-06-21 08:43:15.519491,58588,673,a166b9b0e116e2729e2fff0092d5ab55fc989ae54fb1d8f8a5021e701d6bc5d0,88
2916,21217,2022-06-21 08:43:15.523526,48010,676,a166b9b0e116e2729e2fff0092d5ab55fc989ae54fb1d8f8a5021e701d6bc5d0,15
2916,21218,2022-06-21 08:43:15.523834,58588,673,a166b9b0e116e2729e2fff0092d5ab55fc989ae54fb1d8f8a5021e701d6bc5d0,89
2916,21219,2022-06-21 08:43:15.527034,48010,676,a166b9b0e116e2729e2fff0092d5ab55fc989ae54fb1d8f8a5021e701d6bc5d0,6
2930,21314,2022-06-21 08:43:55.200118,58588,631,a166b9b0e116e2729e2fff0092d5ab55fc989ae54fb1d8f8a5021e701d6bc5d0,85
2930,21316,2022-06-21 08:43:55.214673,58588,673,a166b9b0e116e2729e2fff0092d5ab55fc989ae54fb1d8f8a5021e701d6bc5d0,86
2930,21317,2022-06-21 08:43:55.218093,48010,676,a166b9b0e116e2729e2fff0092d5ab55fc989ae54fb1d8f8a5021e701d6bc5d0,12
2930,21318,2022-06-21 08:43:55.218417,58588,673,a166b9b0e116e2729e2fff0092d5ab55fc989ae54fb1d8f8a5021e701d6bc5d0,87
2930,21319,2022-06-21 08:43:55.221659,48010,676,a166b9b0e116e2729e2fff0092d5ab55fc989ae54fb1d8f8a5021e701d6bc5d0,6
2933,21324,2022-06-21 08:43:55.610227,58588,673,a166b9b0e116e2729e2fff0092d5ab55fc989ae54fb1d8f8a5021e701d6bc5d0,88
2933,21325,2022-06-21 08:43:55.613216,48010,676,a166b9b0e116e2729e2fff0092d5ab55fc989ae54fb1d8f8a5021e701d6bc5d0,15
2933,21326,2022-06-21 08:43:55.613456,58588,673,a166b9b0e116e2729e2fff0092d5ab55fc989ae54fb1d8f8a5021e701d6bc5d0,89
2933,21327,2022-06-21 08:43:55.615933,48010,676,a166b9b0e116e2729e2fff0092d5ab55fc989ae54fb1d8f8a5021e701d6bc5d0,6
2948,21426,2022-06-21 08:44:36.653847,58588,631,a166b9b0e116e2729e2fff0092d5ab55fc989ae54fb1d8f8a5021e701d6bc5d0,90
2948,21428,2022-06-21 08:44:36.667633,58588,673,a166b9b0e116e2729e2fff0092d5ab55fc989ae54fb1d8f8a5021e701d6bc5d0,91
2948,21429,2022-06-21 08:44:36.673785,48010,676,a166b9b0e116e2729e2fff0092d5ab55fc989ae54fb1d8f8a5021e701d6bc5d0,12
2948,21430,2022-06-21 08:44:36.674099,58588,673,a166b9b0e116e2729e2fff0092d5ab55fc989ae54fb1d8f8a5021e701d6bc5d0,92
2948,21431,2022-06-21 08:44:36.678132,48010,676,a166b9b0e116e2729e2fff0092d5ab55fc989ae54fb1d8f8a5021e701d6bc5d0,6
2951,21434,2022-06-21 08:44:37.000854,58588,673,a166b9b0e116e2729e2fff0092d5ab55fc989ae54fb1d8f8a5021e701d6bc5d0,93
2951,21435,2022-06-21 08:44:37.004739,48010,676,a166b9b0e116e2729e2fff0092d5ab55fc989ae54fb1d8f8a5021e701d6bc5d0,15
2951,21436,2022-06-21 08:44:37.005123,58588,673,a166b9b0e116e2729e2fff0092d5ab55fc989ae54fb1d8f8a5021e701d6bc5d0,94
2951,21437,2022-06-21 08:44:37.008153,48010,676,a166b9b0e116e2729e2fff0092d5ab55fc989ae54fb1d8f8a5021e701d6bc5d0,6
2952,21450,2022-06-21 08:44:41.020985,58588,631,a166b9b0e116e2729e2fff0092d5ab55fc989ae54fb1d8f8a5021e701d6bc5d0,80
2952,21452,2022-06-21 08:44:41.034913,58588,673,a166b9b0e116e2729e2fff0092d5ab55fc989ae54fb1d8f8a5021e701d6bc5d0,81
2952,21453,2022-06-21 08:44:41.038363,48010,676,a166b9b0e116e2729e2fff0092d5ab55fc989ae54fb1d8f8a5021e701d6bc5d0,12
2952,21454,2022-06-21 08:44:41.038669,58588,673,a166b9b0e116e2729e2fff0092d5ab55fc989ae54fb1d8f8a5021e701d6bc5d0,82
2952,21455,2022-06-21 08:44:41.042402,48010,676,a166b9b0e116e2729e2fff0092d5ab55fc989ae54fb1d8f8a5021e701d6bc5d0,6
2953,21458,2022-06-21 08:44:41.321005,58588,673,a166b9b0e116e2729e2fff0092d5ab55fc989ae54fb1d8f8a5021e701d6bc5d0,83
2953,21459,2022-06-21 08:44:41.324409,48010,676,a166b9b0e116e2729e2fff0092d5ab55fc989ae54fb1d8f8a5021e701d6bc5d0,15
2953,21460,2022-06-21 08:44:41.324761,58588,673,a166b9b0e116e2729e2fff0092d5ab55fc989ae54fb1d8f8a5021e701d6bc5d0,84
2953,21461,2022-06-21 08:44:41.328270,48010,676,a166b9b0e116e2729e2fff0092d5ab55fc989ae54fb1d8f8a5021e701d6bc5d0,6
2958,21488,2022-06-21 08:44:52.728831,58588,631,a166b9b0e116e2729e2fff0092d5ab55fc989ae54fb1d8f8a5021e701d6bc5d0,85
2958,21490,2022-06-21 08:44:52.743128,58588,673,a166b9b0e116e2729e2fff0092d5ab55fc989ae54fb1d8f8a5021e701d6bc5d0,86
2958,21491,2022-06-21 08:44:52.746302,48010,676,a166b9b0e116e2729e2fff0092d5ab55fc989ae54fb1d8f8a5021e701d6bc5d0,12
2958,21492,2022-06-21 08:44:52.746592,58588,673,a166b9b0e116e2729e2fff0092d5ab55fc989ae54fb1d8f8a5021e701d6bc5d0,87
2958,21493,2022-06-21 08:44:52.750385,48010,676,a166b9b0e116e2729e2fff0092d5ab55fc989ae54fb1d8f8a5021e701d6bc5d0,6
2959,21496,2022-06-21 08:44:53.071316,58588,673,a166b9b0e116e2729e2fff0092d5ab55fc989ae54fb1d8f8a5021e701d6bc5d0,88
2959,21497,2022-06-21 08:44:53.074309,48010,676,a166b9b0e116e2729e2fff0092d5ab55fc989ae54fb1d8f8a5021e701d6bc5d0,15
2959,21498,2022-06-21 08:44:53.074709,58588,673,a166b9b0e116e2729e2fff0092d5ab55fc989ae54fb1d8f8a5021e701d6bc5d0,89
2959,21499,2022-06-21 08:44:53.078147,48010,676,a166b9b0e116e2729e2fff0092d5ab55fc989ae54fb1d8f8a5021e701d6bc5d0,6
2967,21548,2022-06-21 08:45:12.871607,58588,631,a166b9b0e116e2729e2fff0092d5ab55fc989ae54fb1d8f8a5021e701d6bc5d0,90
2967,21550,2022-06-21 08:45:12.887203,58588,673,a166b9b0e116e2729e2fff0092d5ab55fc989ae54fb1d8f8a5021e701d6bc5d0,91
2967,21551,2022-06-21 08:45:12.890564,48010,676,a166b9b0e116e2729e2fff0092d5ab55fc989ae54fb1d8f8a5021e701d6bc5d0,12
2967,21552,2022-06-21 08:45:12.890886,58588,673,a166b9b0e116e2729e2fff0092d5ab55fc989ae54fb1d8f8a5021e701d6bc5d0,92
2967,21553,2022-06-21 08:45:12.894509,48010,676,a166b9b0e116e2729e2fff0092d5ab55fc989ae54fb1d8f8a5021e701d6bc5d0,6
2968,21556,2022-06-21 08:45:13.171593,58588,673,a166b9b0e116e2729e2fff0092d5ab55fc989ae54fb1d8f8a5021e701d6bc5d0,93
2968,21557,2022-06-21 08:45:13.175374,48010,676,a166b9b0e116e2729e2fff0092d5ab55fc989ae54fb1d8f8a5021e701d6bc5d0,15
2968,21558,2022-06-21 08:45:13.175746,58588,673,a166b9b0e116e2729e2fff0092d5ab55fc989ae54fb1d8f8a5021e701d6bc5d0,94
2968,21559,2022-06-21 08:45:13.179443,48010,676,a166b9b0e116e2729e2fff0092d5ab55fc989ae54fb1d8f8a5021e701d6bc5d0,6
2969,21572,2022-06-21 08:45:17.291693,58588,631,a166b9b0e116e2729e2fff0092d5ab55fc989ae54fb1d8f8a5021e701d6bc5d0,80
2969,21574,2022-06-21 08:45:17.310608,58588,673,a166b9b0e116e2729e2fff0092d5ab55fc989ae54fb1d8f8a5021e701d6bc5d0,81
2969,21575,2022-06-21 08:45:17.314387,48010,676,a166b9b0e116e2729e2fff0092d5ab55fc989ae54fb1d8f8a5021e701d6bc5d0,12
2969,21576,2022-06-21 08:45:17.314810,58588,673,a166b9b0e116e2729e2fff0092d5ab55fc989ae54fb1d8f8a5021e701d6bc5d0,82
2969,21577,2022-06-21 08:45:17.318076,48010,676,a166b9b0e116e2729e2fff0092d5ab55fc989ae54fb1d8f8a5021e701d6bc5d0,6
2972,21580,2022-06-21 08:45:17.591700,58588,673,a166b9b0e116e2729e2fff0092d5ab55fc989ae54fb1d8f8a5021e701d6bc5d0,83
2972,21581,2022-06-21 08:45:17.595439,48010,676,a166b9b0e116e2729e2fff0092d5ab55fc989ae54fb1d8f8a5021e701d6bc5d0,15
2972,21582,2022-06-21 08:45:17.595803,58588,673,a166b9b0e116e2729e2fff0092d5ab55fc989ae54fb1d8f8a5021e701d6bc5d0,84
2972,21583,2022-06-21 08:45:17.599291,48010,676,a166b9b0e116e2729e2fff0092d5ab55fc989ae54fb1d8f8a5021e701d6bc5d0,6
2977,21616,2022-06-21 08:45:30.151950,58588,631,a166b9b0e116e2729e2fff0092d5ab55fc989ae54fb1d8f8a5021e701d6bc5d0,85
2977,21618,2022-06-21 08:45:30.167361,58588,673,a166b9b0e116e2729e2fff0092d5ab55fc989ae54fb1d8f8a5021e701d6bc5d0,86
2977,21619,2022-06-21 08:45:30.170970,48010,676,a166b9b0e116e2729e2fff0092d5ab55fc989ae54fb1d8f8a5021e701d6bc5d0,12
2977,21620,2022-06-21 08:45:30.171286,58588,673,a166b9b0e116e2729e2fff0092d5ab55fc989ae54fb1d8f8a5021e701d6bc5d0,87
2977,21621,2022-06-21 08:45:30.175291,48010,676,a166b9b0e116e2729e2fff0092d5ab55fc989ae54fb1d8f8a5021e701d6bc5d0,6
2978,21626,2022-06-21 08:45:30.552072,58588,673,a166b9b0e116e2729e2fff0092d5ab55fc989ae54fb1d8f8a5021e701d6bc5d0,88
2978,21627,2022-06-21 08:45:30.555488,48010,676,a166b9b0e116e2729e2fff0092d5ab55fc989ae54fb1d8f8a5021e701d6bc5d0,15
2978,21628,2022-06-21 08:45:30.555882,58588,673,a166b9b0e116e2729e2fff0092d5ab55fc989ae54fb1d8f8a5021e701d6bc5d0,89
2978,21629,2022-06-21 08:45:30.559263,48010,676,a166b9b0e116e2729e2fff0092d5ab55fc989ae54fb1d8f8a5021e701d6bc5d0,6
2986,21676,2022-06-21 08:45:50.242342,58588,631,a166b9b0e116e2729e2fff0092d5ab55fc989ae54fb1d8f8a5021e701d6bc5d0,90
2986,21678,2022-06-21 08:45:50.256058,58588,673,a166b9b0e116e2729e2fff0092d5ab55fc989ae54fb1d8f8a5021e701d6bc5d0,91
2986,21679,2022-06-21 08:45:50.259313,48010,676,a166b9b0e116e2729e2fff0092d5ab55fc989ae54fb1d8f8a5021e701d6bc5d0,12
2986,21680,2022-06-21 08:45:50.259597,58588,673,a166b9b0e116e2729e2fff0092d5ab55fc989ae54fb1d8f8a5021e701d6bc5d0,92
2986,21681,2022-06-21 08:45:50.262363,48010,676,a166b9b0e116e2729e2fff0092d5ab55fc989ae54fb1d8f8a5021e701d6bc5d0,6
2987,21686,2022-06-21 08:45:50.542274,58588,673,a166b9b0e116e2729e2fff0092d5ab55fc989ae54fb1d8f8a5021e701d6bc5d0,93
2987,21687,2022-06-21 08:45:50.545313,48010,676,a166b9b0e116e2729e2fff0092d5ab55fc989ae54fb1d8f8a5021e701d6bc5d0,15
2987,21688,2022-06-21 08:45:50.545645,58588,673,a166b9b0e116e2729e2fff0092d5ab55fc989ae54fb1d8f8a5021e701d6bc5d0,94
2987,21689,2022-06-21 08:45:50.549257,48010,676,a166b9b0e116e2729e2fff0092d5ab55fc989ae54fb1d8f8a5021e701d6bc5d0,6
2988,21700,2022-06-21 08:45:54.762416,58588,631,a166b9b0e116e2729e2fff0092d5ab55fc989ae54fb1d8f8a5021e701d6bc5d0,80
2988,21702,2022-06-21 08:45:54.775209,58588,673,a166b9b0e116e2729e2fff0092d5ab55fc989ae54fb1d8f8a5021e701d6bc5d0,81
2988,21703,2022-06-21 08:45:54.778523,48010,676,a166b9b0e116e2729e2fff0092d5ab55fc989ae54fb1d8f8a5021e701d6bc5d0,12
2988,21704,2022-06-21 08:45:54.778813,58588,673,a166b9b0e116e2729e2fff0092d5ab55fc989ae54fb1d8f8a5021e701d6bc5d0,82
2988,21705,2022-06-21 08:45:54.783080,48010,676,a166b9b0e116e2729e2fff0092d5ab55fc989ae54fb1d8f8a5021e701d6bc5d0,6
2990,21708,2022-06-21 08:45:55.072422,58588,673,a166b9b0e116e2729e2fff0092d5ab55fc989ae54fb1d8f8a5021e701d6bc5d0,83
2990,21709,2022-06-21 08:45:55.077110,48010,676,a166b9b0e116e2729e2fff0092d5ab55fc989ae54fb1d8f8a5021e701d6bc5d0,15
2990,21710,2022-06-21 08:45:55.077442,58588,673,a166b9b0e116e2729e2fff0092d5ab55fc989ae54fb1d8f8a5021e701d6bc5d0,84
2990,21711,2022-06-21 08:45:55.080192,48010,676,a166b9b0e116e2729e2fff0092d5ab55fc989ae54fb1d8f8a5021e701d6bc5d0,6
2994,21742,2022-06-21 08:46:07.381181,58588,631,a166b9b0e116e2729e2fff0092d5ab55fc989ae54fb1d8f8a5021e701d6bc5d0,85
2994,21744,2022-06-21 08:46:07.396099,58588,673,a166b9b0e116e2729e2fff0092d5ab55fc989ae54fb1d8f8a5021e701d6bc5d0,86
2994,21745,2022-06-21 08:46:07.400054,48010,676,a166b9b0e116e2729e2fff0092d5ab55fc989ae54fb1d8f8a5021e701d6bc5d0,12
2994,21746,2022-06-21 08:46:07.400339,58588,673,a166b9b0e116e2729e2fff0092d5ab55fc989ae54fb1d8f8a5021e701d6bc5d0,87
2994,21747,2022-06-21 08:46:07.403417,48010,676,a166b9b0e116e2729e2fff0092d5ab55fc989ae54fb1d8f8a5021e701d6bc5d0,6
2997,21750,2022-06-21 08:46:07.722787,58588,673,a166b9b0e116e2729e2fff0092d5ab55fc989ae54fb1d8f8a5021e701d6bc5d0,88
2997,21751,2022-06-21 08:46:07.726746,48010,676,a166b9b0e116e2729e2fff0092d5ab55fc989ae54fb1d8f8a5021e701d6bc5d0,15
2997,21752,2022-06-21 08:46:07.727041,58588,673,a166b9b0e116e2729e2fff0092d5ab55fc989ae54fb1d8f8a5021e701d6bc5d0,89
2997,21753,2022-06-21 08:46:07.730827,48010,676,a166b9b0e116e2729e2fff0092d5ab55fc989ae54fb1d8f8a5021e701d6bc5d0,6
3006,21814,2022-06-21 08:46:33.243180,58588,631,a166b9b0e116e2729e2fff0092d5ab55fc989ae54fb1d8f8a5021e701d6bc5d0,90
3006,21816,2022-06-21 08:46:33.259558,58588,673,a166b9b0e116e2729e2fff0092d5ab55fc989ae54fb1d8f8a5021e701d6bc5d0,91
3006,21817,2022-06-21 08:46:33.263554,48010,676,a166b9b0e116e2729e2fff0092d5ab55fc989ae54fb1d8f8a5021e701d6bc5d0,12
3006,21818,2022-06-21 08:46:33.263875,58588,673,a166b9b0e116e2729e2fff0092d5ab55fc989ae54fb1d8f8a5021e701d6bc5d0,92
3006,21819,2022-06-21 08:46:33.267340,48010,676,a166b9b0e116e2729e2fff0092d5ab55fc989ae54fb1d8f8a5021e701d6bc5d0,6
3007,21824,2022-06-21 08:46:33.553157,58588,673,a166b9b0e116e2729e2fff0092d5ab55fc989ae54fb1d8f8a5021e701d6bc5d0,93
3007,21825,2022-06-21 08:46:33.557055,48010,676,a166b9b0e116e2729e2fff0092d5ab55fc989ae54fb1d8f8a5021e701d6bc5d0,15
3007,21826,2022-06-21 08:46:33.557437,58588,673,a166b9b0e116e2729e2fff0092d5ab55fc989ae54fb1d8f8a5021e701d6bc5d0,94
3007,21827,2022-06-21 08:46:33.560215,48010,676,a166b9b0e116e2729e2fff0092d5ab55fc989ae54fb1d8f8a5021e701d6bc5d0,6
3008,21838,2022-06-21 08:46:37.663268,58588,631,a166b9b0e116e2729e2fff0092d5ab55fc989ae54fb1d8f8a5021e701d6bc5d0,80
3008,21840,2022-06-21 08:46:37.678929,58588,673,a166b9b0e116e2729e2fff0092d5ab55fc989ae54fb1d8f8a5021e701d6bc5d0,81
3008,21841,2022-06-21 08:46:37.683263,48010,676,a166b9b0e116e2729e2fff0092d5ab55fc989ae54fb1d8f8a5021e701d6bc5d0,12
3008,21842,2022-06-21 08:46:37.683543,58588,673,a166b9b0e116e2729e2fff0092d5ab55fc989ae54fb1d8f8a5021e701d6bc5d0,82
3008,21843,2022-06-21 08:46:37.686799,48010,676,a166b9b0e116e2729e2fff0092d5ab55fc989ae54fb1d8f8a5021e701d6bc5d0,6
3011,21846,2022-06-21 08:46:37.973273,58588,673,a166b9b0e116e2729e2fff0092d5ab55fc989ae54fb1d8f8a5021e701d6bc5d0,83
3011,21847,2022-06-21 08:46:37.976830,48010,676,a166b9b0e116e2729e2fff0092d5ab55fc989ae54fb1d8f8a5021e701d6bc5d0,15
3011,21848,2022-06-21 08:46:37.977200,58588,673,a166b9b0e116e2729e2fff0092d5ab55fc989ae54fb1d8f8a5021e701d6bc5d0,84
3011,21849,2022-06-21 08:46:37.981135,48010,676,a166b9b0e116e2729e2fff0092d5ab55fc989ae54fb1d8f8a5021e701d6bc5d0,6
3015,21878,2022-06-21 08:46:49.379412,58588,631,a166b9b0e116e2729e2fff0092d5ab55fc989ae54fb1d8f8a5021e701d6bc5d0,85
3015,21880,2022-06-21 08:46:49.409969,58588,673,a166b9b0e116e2729e2fff0092d5ab55fc989ae54fb1d8f8a5021e701d6bc5d0,86
3015,21881,2022-06-21 08:46:49.413612,48010,676,a166b9b0e116e2729e2fff0092d5ab55fc989ae54fb1d8f8a5021e701d6bc5d0,12
3015,21882,2022-06-21 08:46:49.413964,58588,673,a166b9b0e116e2729e2fff0092d5ab55fc989ae54fb1d8f8a5021e701d6bc5d0,87
3015,21883,2022-06-21 08:46:49.417428,48010,676,a166b9b0e116e2729e2fff0092d5ab55fc989ae54fb1d8f8a5021e701d6bc5d0,6
3017,21890,2022-06-21 08:46:49.823620,58588,673,a166b9b0e116e2729e2fff0092d5ab55fc989ae54fb1d8f8a5021e701d6bc5d0,88
3017,21891,2022-06-21 08:46:49.826745,48010,676,a166b9b0e116e2729e2fff0092d5ab55fc989ae54fb1d8f8a5021e701d6bc5d0,15
3017,21892,2022-06-21 08:46:49.827110,58588,673,a166b9b0e116e2729e2fff0092d5ab55fc989ae54fb1d8f8a5021e701d6bc5d0,89
3017,21893,2022-06-21 08:46:49.830506,48010,676,a166b9b0e116e2729e2fff0092d5ab55fc989ae54fb1d8f8a5021e701d6bc5d0,6
3024,21938,2022-06-21 08:47:09.574726,58588,631,a166b9b0e116e2729e2fff0092d5ab55fc989ae54fb1d8f8a5021e701d6bc5d0,90
3024,21940,2022-06-21 08:47:09.588763,58588,673,a166b9b0e116e2729e2fff0092d5ab55fc989ae54fb1d8f8a5021e701d6bc5d0,91
3024,21941,2022-06-21 08:47:09.593211,48010,676,a166b9b0e116e2729e2fff0092d5ab55fc989ae54fb1d8f8a5021e701d6bc5d0,12
3024,21942,2022-06-21 08:47:09.593506,58588,673,a166b9b0e116e2729e2fff0092d5ab55fc989ae54fb1d8f8a5021e701d6bc5d0,92
3024,21943,2022-06-21 08:47:09.596421,48010,676,a166b9b0e116e2729e2fff0092d5ab55fc989ae54fb1d8f8a5021e701d6bc5d0,6
3026,21950,2022-06-21 08:47:09.923891,58588,673,a166b9b0e116e2729e2fff0092d5ab55fc989ae54fb1d8f8a5021e701d6bc5d0,93
3026,21951,2022-06-21 08:47:09.927532,48010,676,a166b9b0e116e2729e2fff0092d5ab55fc989ae54fb1d8f8a5021e701d6bc5d0,15
3026,21952,2022-06-21 08:47:09.927898,58588,673,a166b9b0e116e2729e2fff0092d5ab55fc989ae54fb1d8f8a5021e701d6bc5d0,94
3026,21953,2022-06-21 08:47:09.931396,48010,676,a166b9b0e116e2729e2fff0092d5ab55fc989ae54fb1d8f8a5021e701d6bc5d0,6
3027,21962,2022-06-21 08:47:13.534018,58588,631,a166b9b0e116e2729e2fff0092d5ab55fc989ae54fb1d8f8a5021e701d6bc5d0,80
3027,21964,2022-06-21 08:47:13.548653,58588,673,a166b9b0e116e2729e2fff0092d5ab55fc989ae54fb1d8f8a5021e701d6bc5d0,81
3027,21965,2022-06-21 08:47:13.552885,48010,676,a166b9b0e116e2729e2fff0092d5ab55fc989ae54fb1d8f8a5021e701d6bc5d0,12
3027,21966,2022-06-21 08:47:13.553181,58588,673,a166b9b0e116e2729e2fff0092d5ab55fc989ae54fb1d8f8a5021e701d6bc5d0,82
3027,21967,2022-06-21 08:47:13.556930,48010,676,a166b9b0e116e2729e2fff0092d5ab55fc989ae54fb1d8f8a5021e701d6bc5d0,6
3028,21970,2022-06-21 08:47:13.944015,58588,673,a166b9b0e116e2729e2fff0092d5ab55fc989ae54fb1d8f8a5021e701d6bc5d0,83
3028,21971,2022-06-21 08:47:13.948078,48010,676,a166b9b0e116e2729e2fff0092d5ab55fc989ae54fb1d8f8a5021e701d6bc5d0,15
3028,21972,2022-06-21 08:47:13.948462,58588,673,a166b9b0e116e2729e2fff0092d5ab55fc989ae54fb1d8f8a5021e701d6bc5d0,84
3028,21973,2022-06-21 08:47:13.952450,48010,676,a166b9b0e116e2729e2fff0092d5ab55fc989ae54fb1d8f8a5021e701d6bc5d0,6
3033,22008,2022-06-21 08:47:26.594244,58588,631,a166b9b0e116e2729e2fff0092d5ab55fc989ae54fb1d8f8a5021e701d6bc5d0,85
3033,22010,2022-06-21 08:47:26.608067,58588,673,a166b9b0e116e2729e2fff0092d5ab55fc989ae54fb1d8f8a5021e701d6bc5d0,86
3033,22011,2022-06-21 08:47:26.612127,48010,676,a166b9b0e116e2729e2fff0092d5ab55fc989ae54fb1d8f8a5021e701d6bc5d0,12
3033,22012,2022-06-21 08:47:26.612424,58588,673,a166b9b0e116e2729e2fff0092d5ab55fc989ae54fb1d8f8a5021e701d6bc5d0,87
3033,22013,2022-06-21 08:47:26.615456,48010,676,a166b9b0e116e2729e2fff0092d5ab55fc989ae54fb1d8f8a5021e701d6bc5d0,6
3036,22016,2022-06-21 08:47:27.004356,58588,673,a166b9b0e116e2729e2fff0092d5ab55fc989ae54fb1d8f8a5021e701d6bc5d0,88
3036,22017,2022-06-21 08:47:27.008596,48010,676,a166b9b0e116e2729e2fff0092d5ab55fc989ae54fb1d8f8a5021e701d6bc5d0,15
3036,22018,2022-06-21 08:47:27.008877,58588,673,a166b9b0e116e2729e2fff0092d5ab55fc989ae54fb1d8f8a5021e701d6bc5d0,89
3036,22019,2022-06-21 08:47:27.012847,48010,676,a166b9b0e116e2729e2fff0092d5ab55fc989ae54fb1d8f8a5021e701d6bc5d0,6
3043,22070,2022-06-21 08:47:48.357799,58588,631,a166b9b0e116e2729e2fff0092d5ab55fc989ae54fb1d8f8a5021e701d6bc5d0,90
3043,22072,2022-06-21 08:47:48.382200,58588,673,a166b9b0e116e2729e2fff0092d5ab55fc989ae54fb1d8f8a5021e701d6bc5d0,91
3043,22073,2022-06-21 08:47:48.387081,48010,676,a166b9b0e116e2729e2fff0092d5ab55fc989ae54fb1d8f8a5021e701d6bc5d0,12
3043,22074,2022-06-21 08:47:48.387344,58588,673,a166b9b0e116e2729e2fff0092d5ab55fc989ae54fb1d8f8a5021e701d6bc5d0,92
3043,22075,2022-06-21 08:47:48.390628,48010,676,a166b9b0e116e2729e2fff0092d5ab55fc989ae54fb1d8f8a5021e701d6bc5d0,6
3046,22080,2022-06-21 08:47:48.704685,58588,673,a166b9b0e116e2729e2fff0092d5ab55fc989ae54fb1d8f8a5021e701d6bc5d0,93
3046,22081,2022-06-21 08:47:48.708929,48010,676,a166b9b0e116e2729e2fff0092d5ab55fc989ae54fb1d8f8a5021e701d6bc5d0,15
3046,22082,2022-06-21 08:47:48.709206,58588,673,a166b9b0e116e2729e2fff0092d5ab55fc989ae54fb1d8f8a5021e701d6bc5d0,94
3046,22083,2022-06-21 08:47:48.712855,48010,676,a166b9b0e116e2729e2fff0092d5ab55fc989ae54fb1d8f8a5021e701d6bc5d0,6
3047,22094,2022-06-21 08:47:52.824785,58588,631,a166b9b0e116e2729e2fff0092d5ab55fc989ae54fb1d8f8a5021e701d6bc5d0,80
3047,22096,2022-06-21 08:47:52.839191,58588,673,a166b9b0e116e2729e2fff0092d5ab55fc989ae54fb1d8f8a5021e701d6bc5d0,81
3047,22097,2022-06-21 08:47:52.843074,48010,676,a166b9b0e116e2729e2fff0092d5ab55fc989ae54fb1d8f8a5021e701d6bc5d0,12
3047,22098,2022-06-21 08:47:52.843352,58588,673,a166b9b0e116e2729e2fff0092d5ab55fc989ae54fb1d8f8a5021e701d6bc5d0,82
3047,22099,2022-06-21 08:47:52.847051,48010,676,a166b9b0e116e2729e2fff0092d5ab55fc989ae54fb1d8f8a5021e701d6bc5d0,6
3048,22102,2022-06-21 08:47:53.124781,58588,673,a166b9b0e116e2729e2fff0092d5ab55fc989ae54fb1d8f8a5021e701d6bc5d0,83
3048,22103,2022-06-21 08:47:53.128771,48010,676,a166b9b0e116e2729e2fff0092d5ab55fc989ae54fb1d8f8a5021e701d6bc5d0,15
3048,22104,2022-06-21 08:47:53.129055,58588,673,a166b9b0e116e2729e2fff0092d5ab55fc989ae54fb1d8f8a5021e701d6bc5d0,84
3048,22105,2022-06-21 08:47:53.132896,48010,676,a166b9b0e116e2729e2fff0092d5ab55fc989ae54fb1d8f8a5021e701d6bc5d0,6
3053,22134,2022-06-21 08:48:04.433792,58588,631,a166b9b0e116e2729e2fff0092d5ab55fc989ae54fb1d8f8a5021e701d6bc5d0,85
3053,22136,2022-06-21 08:48:04.451071,58588,673,a166b9b0e116e2729e2fff0092d5ab55fc989ae54fb1d8f8a5021e701d6bc5d0,86
3053,22137,2022-06-21 08:48:04.454667,48010,676,a166b9b0e116e2729e2fff0092d5ab55fc989ae54fb1d8f8a5021e701d6bc5d0,12
3053,22138,2022-06-21 08:48:04.454961,58588,673,a166b9b0e116e2729e2fff0092d5ab55fc989ae54fb1d8f8a5021e701d6bc5d0,87
3053,22139,2022-06-21 08:48:04.458545,48010,676,a166b9b0e116e2729e2fff0092d5ab55fc989ae54fb1d8f8a5021e701d6bc5d0,6
3054,22144,2022-06-21 08:48:04.887645,58588,673,a166b9b0e116e2729e2fff0092d5ab55fc989ae54fb1d8f8a5021e701d6bc5d0,88
3054,22145,2022-06-21 08:48:04.891266,48010,676,a166b9b0e116e2729e2fff0092d5ab55fc989ae54fb1d8f8a5021e701d6bc5d0,15
3054,22146,2022-06-21 08:48:04.895828,58588,673,a166b9b0e116e2729e2fff0092d5ab55fc989ae54fb1d8f8a5021e701d6bc5d0,89
3054,22147,2022-06-21 08:48:04.898869,48010,676,a166b9b0e116e2729e2fff0092d5ab55fc989ae54fb1d8f8a5021e701d6bc5d0,6
3078,22288,2022-06-21 08:49:02.406728,58588,631,a166b9b0e116e2729e2fff0092d5ab55fc989ae54fb1d8f8a5021e701d6bc5d0,90
3078,22290,2022-06-21 08:49:02.420295,58588,673,a166b9b0e116e2729e2fff0092d5ab55fc989ae54fb1d8f8a5021e701d6bc5d0,91
3078,22291,2022-06-21 08:49:02.423857,48010,676,a166b9b0e116e2729e2fff0092d5ab55fc989ae54fb1d8f8a5021e701d6bc5d0,12
3078,22292,2022-06-21 08:49:02.424142,58588,673,a166b9b0e116e2729e2fff0092d5ab55fc989ae54fb1d8f8a5021e701d6bc5d0,92
3078,22293,2022-06-21 08:49:02.427602,48010,676,a166b9b0e116e2729e2fff0092d5ab55fc989ae54fb1d8f8a5021e701d6bc5d0,6
3079,22296,2022-06-21 08:49:02.656186,58588,673,a166b9b0e116e2729e2fff0092d5ab55fc989ae54fb1d8f8a5021e701d6bc5d0,93
3079,22297,2022-06-21 08:49:02.660035,48010,676,a166b9b0e116e2729e2fff0092d5ab55fc989ae54fb1d8f8a5021e701d6bc5d0,15
3079,22298,2022-06-21 08:49:02.660379,58588,673,a166b9b0e116e2729e2fff0092d5ab55fc989ae54fb1d8f8a5021e701d6bc5d0,94
3079,22299,2022-06-21 08:49:02.663766,48010,676,a166b9b0e116e2729e2fff0092d5ab55fc989ae54fb1d8f8a5021e701d6bc5d0,6
3080,22312,2022-06-21 08:49:06.978151,58588,631,a166b9b0e116e2729e2fff0092d5ab55fc989ae54fb1d8f8a5021e701d6bc5d0,80
3080,22314,2022-06-21 08:49:06.996061,58588,673,a166b9b0e116e2729e2fff0092d5ab55fc989ae54fb1d8f8a5021e701d6bc5d0,81
3080,22315,2022-06-21 08:49:07.000073,48010,676,a166b9b0e116e2729e2fff0092d5ab55fc989ae54fb1d8f8a5021e701d6bc5d0,12
3080,22316,2022-06-21 08:49:07.000345,58588,673,a166b9b0e116e2729e2fff0092d5ab55fc989ae54fb1d8f8a5021e701d6bc5d0,82
3080,22317,2022-06-21 08:49:07.004344,48010,676,a166b9b0e116e2729e2fff0092d5ab55fc989ae54fb1d8f8a5021e701d6bc5d0,6
3083,22320,2022-06-21 08:49:07.276279,58588,673,a166b9b0e116e2729e2fff0092d5ab55fc989ae54fb1d8f8a5021e701d6bc5d0,83
3083,22321,2022-06-21 08:49:07.279894,48010,676,a166b9b0e116e2729e2fff0092d5ab55fc989ae54fb1d8f8a5021e701d6bc5d0,15
3083,22322,2022-06-21 08:49:07.280124,58588,673,a166b9b0e116e2729e2fff0092d5ab55fc989ae54fb1d8f8a5021e701d6bc5d0,84
3083,22323,2022-06-21 08:49:07.283729,48010,676,a166b9b0e116e2729e2fff0092d5ab55fc989ae54fb1d8f8a5021e701d6bc5d0,6
3086,22350,2022-06-21 08:49:18.582212,58588,631,a166b9b0e116e2729e2fff0092d5ab55fc989ae54fb1d8f8a5021e701d6bc5d0,85
3086,22352,2022-06-21 08:49:18.598951,58588,673,a166b9b0e116e2729e2fff0092d5ab55fc989ae54fb1d8f8a5021e701d6bc5d0,86
3086,22353,2022-06-21 08:49:18.602986,48010,676,a166b9b0e116e2729e2fff0092d5ab55fc989ae54fb1d8f8a5021e701d6bc5d0,12
3086,22354,2022-06-21 08:49:18.603289,58588,673,a166b9b0e116e2729e2fff0092d5ab55fc989ae54fb1d8f8a5021e701d6bc5d0,87
3086,22355,2022-06-21 08:49:18.606812,48010,676,a166b9b0e116e2729e2fff0092d5ab55fc989ae54fb1d8f8a5021e701d6bc5d0,6
3089,22360,2022-06-21 08:49:19.026657,58588,673,a166b9b0e116e2729e2fff0092d5ab55fc989ae54fb1d8f8a5021e701d6bc5d0,88
3089,22361,2022-06-21 08:49:19.030040,48010,676,a166b9b0e116e2729e2fff0092d5ab55fc989ae54fb1d8f8a5021e701d6bc5d0,15
3089,22362,2022-06-21 08:49:19.030541,58588,673,a166b9b0e116e2729e2fff0092d5ab55fc989ae54fb1d8f8a5021e701d6bc5d0,89
3089,22363,2022-06-21 08:49:19.033823,48010,676,a166b9b0e116e2729e2fff0092d5ab55fc989ae54fb1d8f8a5021e701d6bc5d0,6
3099,22428,2022-06-21 08:49:45.347099,58588,631,a166b9b0e116e2729e2fff0092d5ab55fc989ae54fb1d8f8a5021e701d6bc5d0,90
3099,22430,2022-06-21 08:49:45.364465,58588,673,a166b9b0e116e2729e2fff0092d5ab55fc989ae54fb1d8f8a5021e701d6bc5d0,91
3099,22431,2022-06-21 08:49:45.368124,48010,676,a166b9b0e116e2729e2fff0092d5ab55fc989ae54fb1d8f8a5021e701d6bc5d0,12
3099,22432,2022-06-21 08:49:45.368463,58588,673,a166b9b0e116e2729e2fff0092d5ab55fc989ae54fb1d8f8a5021e701d6bc5d0,92
3099,22433,2022-06-21 08:49:45.371727,48010,676,a166b9b0e116e2729e2fff0092d5ab55fc989ae54fb1d8f8a5021e701d6bc5d0,6
3100,22438,2022-06-21 08:49:45.647061,58588,673,a166b9b0e116e2729e2fff0092d5ab55fc989ae54fb1d8f8a5021e701d6bc5d0,93
3100,22439,2022-06-21 08:49:45.650950,48010,676,a166b9b0e116e2729e2fff0092d5ab55fc989ae54fb1d8f8a5021e701d6bc5d0,15
3100,22440,2022-06-21 08:49:45.651299,58588,673,a166b9b0e116e2729e2fff0092d5ab55fc989ae54fb1d8f8a5021e701d6bc5d0,94
3100,22441,2022-06-21 08:49:45.655001,48010,676,a166b9b0e116e2729e2fff0092d5ab55fc989ae54fb1d8f8a5021e701d6bc5d0,6
3101,22452,2022-06-21 08:49:49.877150,58588,631,a166b9b0e116e2729e2fff0092d5ab55fc989ae54fb1d8f8a5021e701d6bc5d0,80
3101,22454,2022-06-21 08:49:49.893660,58588,673,a166b9b0e116e2729e2fff0092d5ab55fc989ae54fb1d8f8a5021e701d6bc5d0,81
3101,22455,2022-06-21 08:49:49.897253,48010,676,a166b9b0e116e2729e2fff0092d5ab55fc989ae54fb1d8f8a5021e701d6bc5d0,12
3101,22456,2022-06-21 08:49:49.897551,58588,673,a166b9b0e116e2729e2fff0092d5ab55fc989ae54fb1d8f8a5021e701d6bc5d0,82
3101,22457,2022-06-21 08:49:49.901327,48010,676,a166b9b0e116e2729e2fff0092d5ab55fc989ae54fb1d8f8a5021e701d6bc5d0,6
3104,22460,2022-06-21 08:49:50.277165,58588,673,a166b9b0e116e2729e2fff0092d5ab55fc989ae54fb1d8f8a5021e701d6bc5d0,83
3104,22461,2022-06-21 08:49:50.281068,48010,676,a166b9b0e116e2729e2fff0092d5ab55fc989ae54fb1d8f8a5021e701d6bc5d0,15
3104,22462,2022-06-21 08:49:50.281451,58588,673,a166b9b0e116e2729e2fff0092d5ab55fc989ae54fb1d8f8a5021e701d6bc5d0,84
3104,22463,2022-06-21 08:49:50.284836,48010,676,a166b9b0e116e2729e2fff0092d5ab55fc989ae54fb1d8f8a5021e701d6bc5d0,6
3109,22494,2022-06-21 08:50:01.380946,58588,631,a166b9b0e116e2729e2fff0092d5ab55fc989ae54fb1d8f8a5021e701d6bc5d0,85
3109,22496,2022-06-21 08:50:01.398979,58588,673,a166b9b0e116e2729e2fff0092d5ab55fc989ae54fb1d8f8a5021e701d6bc5d0,86
3109,22497,2022-06-21 08:50:01.402574,48010,676,a166b9b0e116e2729e2fff0092d5ab55fc989ae54fb1d8f8a5021e701d6bc5d0,12
3109,22498,2022-06-21 08:50:01.402853,58588,673,a166b9b0e116e2729e2fff0092d5ab55fc989ae54fb1d8f8a5021e701d6bc5d0,87
3109,22499,2022-06-21 08:50:01.405819,48010,676,a166b9b0e116e2729e2fff0092d5ab55fc989ae54fb1d8f8a5021e701d6bc5d0,6
3110,22504,2022-06-21 08:50:01.727546,58588,673,a166b9b0e116e2729e2fff0092d5ab55fc989ae54fb1d8f8a5021e701d6bc5d0,88
3110,22505,2022-06-21 08:50:01.731159,48010,676,a166b9b0e116e2729e2fff0092d5ab55fc989ae54fb1d8f8a5021e701d6bc5d0,15
3110,22506,2022-06-21 08:50:01.731473,58588,673,a166b9b0e116e2729e2fff0092d5ab55fc989ae54fb1d8f8a5021e701d6bc5d0,89
3110,22507,2022-06-21 08:50:01.734987,48010,676,a166b9b0e116e2729e2fff0092d5ab55fc989ae54fb1d8f8a5021e701d6bc5d0,6
3117,22552,2022-06-21 08:50:21.117833,58588,631,a166b9b0e116e2729e2fff0092d5ab55fc989ae54fb1d8f8a5021e701d6bc5d0,90
3117,22554,2022-06-21 08:50:21.133117,58588,673,a166b9b0e116e2729e2fff0092d5ab55fc989ae54fb1d8f8a5021e701d6bc5d0,91
3117,22555,2022-06-21 08:50:21.137256,48010,676,a166b9b0e116e2729e2fff0092d5ab55fc989ae54fb1d8f8a5021e701d6bc5d0,12
3117,22556,2022-06-21 08:50:21.137569,58588,673,a166b9b0e116e2729e2fff0092d5ab55fc989ae54fb1d8f8a5021e701d6bc5d0,92
3117,22557,2022-06-21 08:50:21.141385,48010,676,a166b9b0e116e2729e2fff0092d5ab55fc989ae54fb1d8f8a5021e701d6bc5d0,6
3119,22562,2022-06-21 08:50:21.517797,58588,673,a166b9b0e116e2729e2fff0092d5ab55fc989ae54fb1d8f8a5021e701d6bc5d0,93
3119,22563,2022-06-21 08:50:21.521169,48010,676,a166b9b0e116e2729e2fff0092d5ab55fc989ae54fb1d8f8a5021e701d6bc5d0,15
3119,22564,2022-06-21 08:50:21.521492,58588,673,a166b9b0e116e2729e2fff0092d5ab55fc989ae54fb1d8f8a5021e701d6bc5d0,94
3119,22565,2022-06-21 08:50:21.524876,48010,676,a166b9b0e116e2729e2fff0092d5ab55fc989ae54fb1d8f8a5021e701d6bc5d0,6
3120,22574,2022-06-21 08:50:25.437924,58588,631,a166b9b0e116e2729e2fff0092d5ab55fc989ae54fb1d8f8a5021e701d6bc5d0,80
3120,22576,2022-06-21 08:50:25.452187,58588,673,a166b9b0e116e2729e2fff0092d5ab55fc989ae54fb1d8f8a5021e701d6bc5d0,81
3120,22577,2022-06-21 08:50:25.456681,48010,676,a166b9b0e116e2729e2fff0092d5ab55fc989ae54fb1d8f8a5021e701d6bc5d0,12
3120,22578,2022-06-21 08:50:25.456952,58588,673,a166b9b0e116e2729e2fff0092d5ab55fc989ae54fb1d8f8a5021e701d6bc5d0,82
3120,22579,2022-06-21 08:50:25.460123,48010,676,a166b9b0e116e2729e2fff0092d5ab55fc989ae54fb1d8f8a5021e701d6bc5d0,6
3122,22584,2022-06-21 08:50:25.737936,58588,673,a166b9b0e116e2729e2fff0092d5ab55fc989ae54fb1d8f8a5021e701d6bc5d0,83
3122,22585,2022-06-21 08:50:25.741391,48010,676,a166b9b0e116e2729e2fff0092d5ab55fc989ae54fb1d8f8a5021e701d6bc5d0,15
3122,22586,2022-06-21 08:50:25.741659,58588,673,a166b9b0e116e2729e2fff0092d5ab55fc989ae54fb1d8f8a5021e701d6bc5d0,84
3122,22587,2022-06-21 08:50:25.745509,48010,676,a166b9b0e116e2729e2fff0092d5ab55fc989ae54fb1d8f8a5021e701d6bc5d0,6
3126,22618,2022-06-21 08:50:38.757654,58588,631,a166b9b0e116e2729e2fff0092d5ab55fc989ae54fb1d8f8a5021e701d6bc5d0,85
3126,22620,2022-06-21 08:50:38.771244,58588,673,a166b9b0e116e2729e2fff0092d5ab55fc989ae54fb1d8f8a5021e701d6bc5d0,86
3126,22621,2022-06-21 08:50:38.775696,48010,676,a166b9b0e116e2729e2fff0092d5ab55fc989ae54fb1d8f8a5021e701d6bc5d0,12
3126,22622,2022-06-21 08:50:38.775971,58588,673,a166b9b0e116e2729e2fff0092d5ab55fc989ae54fb1d8f8a5021e701d6bc5d0,87
3126,22623,2022-06-21 08:50:38.779005,48010,676,a166b9b0e116e2729e2fff0092d5ab55fc989ae54fb1d8f8a5021e701d6bc5d0,6
3129,22628,2022-06-21 08:50:39.108337,58588,673,a166b9b0e116e2729e2fff0092d5ab55fc989ae54fb1d8f8a5021e701d6bc5d0,88
3129,22629,2022-06-21 08:50:39.112240,48010,676,a166b9b0e116e2729e2fff0092d5ab55fc989ae54fb1d8f8a5021e701d6bc5d0,15
3129,22630,2022-06-21 08:50:39.112544,58588,673,a166b9b0e116e2729e2fff0092d5ab55fc989ae54fb1d8f8a5021e701d6bc5d0,89
3129,22631,2022-06-21 08:50:39.115980,48010,676,a166b9b0e116e2729e2fff0092d5ab55fc989ae54fb1d8f8a5021e701d6bc5d0,6
3139,22696,2022-06-21 08:51:05.628735,58588,631,a166b9b0e116e2729e2fff0092d5ab55fc989ae54fb1d8f8a5021e701d6bc5d0,90
3139,22698,2022-06-21 08:51:05.645280,58588,673,a166b9b0e116e2729e2fff0092d5ab55fc989ae54fb1d8f8a5021e701d6bc5d0,91
3139,22699,2022-06-21 08:51:05.649805,48010,676,a166b9b0e116e2729e2fff0092d5ab55fc989ae54fb1d8f8a5021e701d6bc5d0,12
3139,22700,2022-06-21 08:51:05.650114,58588,673,a166b9b0e116e2729e2fff0092d5ab55fc989ae54fb1d8f8a5021e701d6bc5d0,92
3139,22701,2022-06-21 08:51:05.653037,48010,676,a166b9b0e116e2729e2fff0092d5ab55fc989ae54fb1d8f8a5021e701d6bc5d0,6
3141,22706,2022-06-21 08:51:05.928748,58588,673,a166b9b0e116e2729e2fff0092d5ab55fc989ae54fb1d8f8a5021e701d6bc5d0,93
3141,22707,2022-06-21 08:51:05.932212,48010,676,a166b9b0e116e2729e2fff0092d5ab55fc989ae54fb1d8f8a5021e701d6bc5d0,15
3141,22708,2022-06-21 08:51:05.932637,58588,673,a166b9b0e116e2729e2fff0092d5ab55fc989ae54fb1d8f8a5021e701d6bc5d0,94
3141,22709,2022-06-21 08:51:05.936319,48010,676,a166b9b0e116e2729e2fff0092d5ab55fc989ae54fb1d8f8a5021e701d6bc5d0,6
3143,22724,2022-06-21 08:51:11.117481,58588,631,a166b9b0e116e2729e2fff0092d5ab55fc989ae54fb1d8f8a5021e701d6bc5d0,80
3143,22726,2022-06-21 08:51:11.161798,58588,673,a166b9b0e116e2729e2fff0092d5ab55fc989ae54fb1d8f8a5021e701d6bc5d0,81
3143,22727,2022-06-21 08:51:11.165267,48010,676,a166b9b0e116e2729e2fff0092d5ab55fc989ae54fb1d8f8a5021e701d6bc5d0,12
3143,22728,2022-06-21 08:51:11.165734,58588,673,a166b9b0e116e2729e2fff0092d5ab55fc989ae54fb1d8f8a5021e701d6bc5d0,82
3143,22729,2022-06-21 08:51:11.169328,48010,676,a166b9b0e116e2729e2fff0092d5ab55fc989ae54fb1d8f8a5021e701d6bc5d0,6
3145,22734,2022-06-21 08:51:11.459517,58588,673,a166b9b0e116e2729e2fff0092d5ab55fc989ae54fb1d8f8a5021e701d6bc5d0,83
3145,22735,2022-06-21 08:51:11.463203,48010,676,a166b9b0e116e2729e2fff0092d5ab55fc989ae54fb1d8f8a5021e701d6bc5d0,15
3145,22736,2022-06-21 08:51:11.465805,58588,673,a166b9b0e116e2729e2fff0092d5ab55fc989ae54fb1d8f8a5021e701d6bc5d0,84
3145,22737,2022-06-21 08:51:11.469363,48010,676,a166b9b0e116e2729e2fff0092d5ab55fc989ae54fb1d8f8a5021e701d6bc5d0,6
3148,22762,2022-06-21 08:51:21.599080,58588,631,a166b9b0e116e2729e2fff0092d5ab55fc989ae54fb1d8f8a5021e701d6bc5d0,85
3148,22764,2022-06-21 08:51:21.612285,58588,673,a166b9b0e116e2729e2fff0092d5ab55fc989ae54fb1d8f8a5021e701d6bc5d0,86
3148,22765,2022-06-21 08:51:21.615345,48010,676,a166b9b0e116e2729e2fff0092d5ab55fc989ae54fb1d8f8a5021e701d6bc5d0,12
3148,22766,2022-06-21 08:51:21.615632,58588,673,a166b9b0e116e2729e2fff0092d5ab55fc989ae54fb1d8f8a5021e701d6bc5d0,87
3148,22767,2022-06-21 08:51:21.619324,48010,676,a166b9b0e116e2729e2fff0092d5ab55fc989ae54fb1d8f8a5021e701d6bc5d0,6
3150,22770,2022-06-21 08:51:21.899221,58588,673,a166b9b0e116e2729e2fff0092d5ab55fc989ae54fb1d8f8a5021e701d6bc5d0,88
3150,22771,2022-06-21 08:51:21.902423,48010,676,a166b9b0e116e2729e2fff0092d5ab55fc989ae54fb1d8f8a5021e701d6bc5d0,15
3150,22772,2022-06-21 08:51:21.902788,58588,673,a166b9b0e116e2729e2fff0092d5ab55fc989ae54fb1d8f8a5021e701d6bc5d0,89
3150,22773,2022-06-21 08:51:21.906203,48010,676,a166b9b0e116e2729e2fff0092d5ab55fc989ae54fb1d8f8a5021e701d6bc5d0,6
3157,22820,2022-06-21 08:51:41.189506,58588,631,a166b9b0e116e2729e2fff0092d5ab55fc989ae54fb1d8f8a5021e701d6bc5d0,90
3157,22822,2022-06-21 08:51:41.202889,58588,673,a166b9b0e116e2729e2fff0092d5ab55fc989ae54fb1d8f8a5021e701d6bc5d0,91
3157,22823,2022-06-21 08:51:41.206411,48010,676,a166b9b0e116e2729e2fff0092d5ab55fc989ae54fb1d8f8a5021e701d6bc5d0,12
3157,22824,2022-06-21 08:51:41.206699,58588,673,a166b9b0e116e2729e2fff0092d5ab55fc989ae54fb1d8f8a5021e701d6bc5d0,92
3157,22825,2022-06-21 08:51:41.210340,48010,676,a166b9b0e116e2729e2fff0092d5ab55fc989ae54fb1d8f8a5021e701d6bc5d0,6
3159,22830,2022-06-21 08:51:41.599495,58588,673,a166b9b0e116e2729e2fff0092d5ab55fc989ae54fb1d8f8a5021e701d6bc5d0,93
3159,22831,2022-06-21 08:51:41.603508,48010,676,a166b9b0e116e2729e2fff0092d5ab55fc989ae54fb1d8f8a5021e701d6bc5d0,15
3159,22832,2022-06-21 08:51:41.603848,58588,673,a166b9b0e116e2729e2fff0092d5ab55fc989ae54fb1d8f8a5021e701d6bc5d0,94
3159,22833,2022-06-21 08:51:41.607577,48010,676,a166b9b0e116e2729e2fff0092d5ab55fc989ae54fb1d8f8a5021e701d6bc5d0,6
3165,22876,2022-06-21 08:51:59.034815,58588,631,a166b9b0e116e2729e2fff0092d5ab55fc989ae54fb1d8f8a5021e701d6bc5d0,85
3165,22878,2022-06-21 08:51:59.048237,58588,673,a166b9b0e116e2729e2fff0092d5ab55fc989ae54fb1d8f8a5021e701d6bc5d0,86
3165,22879,2022-06-21 08:51:59.051900,48010,676,a166b9b0e116e2729e2fff0092d5ab55fc989ae54fb1d8f8a5021e701d6bc5d0,12
3165,22880,2022-06-21 08:51:59.052166,58588,673,a166b9b0e116e2729e2fff0092d5ab55fc989ae54fb1d8f8a5021e701d6bc5d0,87
3165,22881,2022-06-21 08:51:59.055656,48010,676,a166b9b0e116e2729e2fff0092d5ab55fc989ae54fb1d8f8a5021e701d6bc5d0,6
3168,22884,2022-06-21 08:51:59.380025,58588,673,a166b9b0e116e2729e2fff0092d5ab55fc989ae54fb1d8f8a5021e701d6bc5d0,88
3168,22885,2022-06-21 08:51:59.384181,48010,676,a166b9b0e116e2729e2fff0092d5ab55fc989ae54fb1d8f8a5021e701d6bc5d0,15
3168,22886,2022-06-21 08:51:59.384614,58588,673,a166b9b0e116e2729e2fff0092d5ab55fc989ae54fb1d8f8a5021e701d6bc5d0,89
3168,22887,2022-06-21 08:51:59.388287,48010,676,a166b9b0e116e2729e2fff0092d5ab55fc989ae54fb1d8f8a5021e701d6bc5d0,6
